-- phpMyAdmin SQL Dump
-- version 5.2.1
-- https://www.phpmyadmin.net/
--
-- Host: 127.0.0.1
-- Generation Time: 02 يناير 2026 الساعة 00:14
-- إصدار الخادم: 10.4.32-MariaDB
-- PHP Version: 8.2.12

SET SQL_MODE = "NO_AUTO_VALUE_ON_ZERO";
START TRANSACTION;
SET time_zone = "+00:00";


/*!40101 SET @OLD_CHARACTER_SET_CLIENT=@@CHARACTER_SET_CLIENT */;
/*!40101 SET @OLD_CHARACTER_SET_RESULTS=@@CHARACTER_SET_RESULTS */;
/*!40101 SET @OLD_COLLATION_CONNECTION=@@COLLATION_CONNECTION */;
/*!40101 SET NAMES utf8mb4 */;

--
-- Database: `school_db`
--

-- --------------------------------------------------------

--
-- بنية الجدول `classes`
--

CREATE TABLE `classes` (
  `class_id` int(11) NOT NULL,
  `class_name` varchar(150) DEFAULT NULL,
  `expected_students` int(11) DEFAULT NULL,
  `academic_year` varchar(20) DEFAULT NULL,
  `section_name` varchar(100) DEFAULT NULL,
  `section_type` varchar(50) DEFAULT NULL
) ENGINE=InnoDB DEFAULT CHARSET=utf8mb4 COLLATE=utf8mb4_general_ci;

--
-- إرجاع أو استيراد بيانات الجدول `classes`
--

INSERT INTO `classes` (`class_id`, `class_name`, `expected_students`, `academic_year`, `section_name`, `section_type`) VALUES
(7, 'أول ثانوي', 30, '2025-2026', 'شعبة أولى', 'علمية'),
(8, 'أول ثانوي', 30, '2025-2026', 'شعبة ثانية', 'أدبية'),
(9, 'ثاني ثانوي', 30, '2025-2026', 'شعبة أولى', 'علمية'),
(10, 'ثاني ثانوي', 30, '2025-2026', 'شعبة ثانية', 'أدبية'),
(11, 'ثالث ثانوي', 30, '2025-2026', 'شعبة أولى', 'علمية'),
(12, 'ثالث ثانوي', 30, '2025-2026', 'شعبة ثانية', 'أدبية');

-- --------------------------------------------------------

--
-- بنية الجدول `class_assignments`
--

CREATE TABLE `class_assignments` (
  `assignment_id` int(11) NOT NULL,
  `teacher_id` int(11) DEFAULT NULL,
  `class_id` int(11) DEFAULT NULL,
  `subject_id` int(11) DEFAULT NULL
) ENGINE=InnoDB DEFAULT CHARSET=utf8mb4 COLLATE=utf8mb4_general_ci;

--
-- إرجاع أو استيراد بيانات الجدول `class_assignments`
--

INSERT INTO `class_assignments` (`assignment_id`, `teacher_id`, `class_id`, `subject_id`) VALUES
(1, 1, 7, 1),
(2, 2, 7, 2),
(3, 3, 7, 3),
(4, 4, 7, 4),
(5, 1, 9, 1),
(6, 2, 9, 2),
(7, 3, 9, 3),
(8, 4, 9, 4),
(9, 1, 11, 1),
(10, 2, 11, 2),
(11, 3, 11, 3),
(12, 4, 11, 4),
(13, 5, 8, 5),
(14, 6, 8, 6),
(15, 7, 8, 7),
(16, 8, 8, 8),
(17, 5, 10, 5),
(18, 6, 10, 6),
(19, 7, 10, 7),
(20, 8, 10, 8),
(21, 5, 12, 5),
(22, 6, 12, 6),
(23, 7, 12, 7),
(24, 8, 12, 8),
(25, 9, 7, 9),
(26, 10, 7, 10),
(27, 11, 7, 11),
(28, 12, 7, 12),
(29, 9, 8, 9),
(30, 10, 8, 10),
(31, 11, 8, 11),
(32, 12, 8, 12),
(33, 9, 9, 9),
(34, 10, 9, 10),
(35, 11, 9, 11),
(36, 12, 9, 12),
(37, 9, 10, 9),
(38, 10, 10, 10),
(39, 11, 10, 11),
(40, 12, 10, 12),
(41, 9, 11, 9),
(42, 10, 11, 10),
(43, 11, 11, 11),
(44, 12, 11, 12),
(45, 9, 12, 9),
(46, 10, 12, 10),
(47, 11, 12, 11),
(48, 12, 12, 12);

-- --------------------------------------------------------

--
-- بنية الجدول `class_subject`
--

CREATE TABLE `class_subject` (
  `id` int(11) NOT NULL,
  `class_id` int(11) DEFAULT NULL,
  `subject_id` int(11) DEFAULT NULL
) ENGINE=InnoDB DEFAULT CHARSET=utf8mb4 COLLATE=utf8mb4_general_ci;

--
-- إرجاع أو استيراد بيانات الجدول `class_subject`
--

INSERT INTO `class_subject` (`id`, `class_id`, `subject_id`) VALUES
(1, 7, 1),
(2, 7, 2),
(3, 7, 3),
(4, 7, 4),
(5, 9, 1),
(6, 9, 2),
(7, 9, 3),
(8, 9, 4),
(9, 11, 1),
(10, 11, 2),
(11, 11, 3),
(12, 11, 4),
(13, 8, 5),
(14, 8, 6),
(15, 8, 7),
(16, 8, 8),
(17, 10, 5),
(18, 10, 6),
(19, 10, 7),
(20, 10, 8),
(21, 12, 5),
(22, 12, 6),
(23, 12, 7),
(24, 12, 8),
(25, 7, 9),
(26, 7, 10),
(27, 7, 11),
(28, 7, 12),
(29, 8, 9),
(30, 8, 10),
(31, 8, 11),
(32, 8, 12),
(33, 9, 9),
(34, 9, 10),
(35, 9, 11),
(36, 9, 12),
(37, 10, 9),
(38, 10, 10),
(39, 10, 11),
(40, 10, 12),
(41, 11, 9),
(42, 11, 10),
(43, 11, 11),
(44, 11, 12),
(45, 12, 9),
(46, 12, 10),
(47, 12, 11),
(48, 12, 12);

-- --------------------------------------------------------

--
-- بنية الجدول `exam_schedules`
--

CREATE TABLE `exam_schedules` (
  `id` int(11) NOT NULL,
  `subject_id` int(11) DEFAULT NULL,
  `class_id` int(11) DEFAULT NULL,
  `exam_date` date DEFAULT NULL,
  `day_of_week` varchar(20) DEFAULT NULL,
  `exam_time` varchar(50) DEFAULT NULL,
  `room` varchar(50) DEFAULT NULL,
  `notes` text DEFAULT NULL
) ENGINE=InnoDB DEFAULT CHARSET=utf8mb4 COLLATE=utf8mb4_general_ci;

--
-- إرجاع أو استيراد بيانات الجدول `exam_schedules`
--

INSERT INTO `exam_schedules` (`id`, `subject_id`, `class_id`, `exam_date`, `day_of_week`, `exam_time`, `room`, `notes`) VALUES
(1, 1, 7, '2025-01-12', 'الأحد', '10:00:00', 'R101', NULL),
(2, 2, 7, '2025-01-13', 'الاثنين', '10:00:00', 'R102', NULL),
(3, 3, 7, '2025-01-14', 'الثلاثاء', '10:00:00', 'R103', NULL),
(4, 4, 7, '2025-01-15', 'الأربعاء', '10:00:00', 'R104', NULL),
(5, 9, 7, '2025-01-16', 'الخميس', '10:00:00', 'R105', NULL),
(6, 10, 7, '2025-01-17', 'الجمعة', '10:00:00', 'R106', NULL),
(7, 11, 7, '2025-01-18', 'السبت', '10:00:00', 'R107', NULL),
(8, 12, 7, '2025-01-19', 'الأحد', '10:00:00', 'R108', NULL),
(9, 1, 9, '2025-01-12', 'الأحد', '10:00:00', 'R201', NULL),
(10, 2, 9, '2025-01-13', 'الاثنين', '10:00:00', 'R202', NULL),
(11, 3, 9, '2025-01-14', 'الثلاثاء', '10:00:00', 'R203', NULL),
(12, 4, 9, '2025-01-15', 'الأربعاء', '10:00:00', 'R204', NULL),
(13, 9, 9, '2025-01-16', 'الخميس', '10:00:00', 'R205', NULL),
(14, 10, 9, '2025-01-17', 'الجمعة', '10:00:00', 'R206', NULL),
(15, 11, 9, '2025-01-18', 'السبت', '10:00:00', 'R207', NULL),
(16, 12, 9, '2025-01-19', 'الأحد', '10:00:00', 'R208', NULL),
(17, 1, 11, '2025-01-12', 'الأحد', '10:00:00', 'R301', NULL),
(18, 2, 11, '2025-01-13', 'الاثنين', '10:00:00', 'R302', NULL),
(19, 3, 11, '2025-01-14', 'الثلاثاء', '10:00:00', 'R303', NULL),
(20, 4, 11, '2025-01-15', 'الأربعاء', '10:00:00', 'R304', NULL),
(21, 9, 11, '2025-01-16', 'الخميس', '10:00:00', 'R305', NULL),
(22, 10, 11, '2025-01-17', 'الجمعة', '10:00:00', 'R306', NULL),
(23, 11, 11, '2025-01-18', 'السبت', '10:00:00', 'R307', NULL),
(24, 12, 11, '2025-01-19', 'الأحد', '10:00:00', 'R308', NULL),
(25, 5, 8, '2025-01-12', 'الأحد', '10:00:00', 'R401', NULL),
(26, 6, 8, '2025-01-13', 'الاثنين', '10:00:00', 'R402', NULL),
(27, 7, 8, '2025-01-14', 'الثلاثاء', '10:00:00', 'R403', NULL),
(28, 8, 8, '2025-01-15', 'الأربعاء', '10:00:00', 'R404', NULL),
(29, 9, 8, '2025-01-16', 'الخميس', '10:00:00', 'R405', NULL),
(30, 10, 8, '2025-01-17', 'الجمعة', '10:00:00', 'R406', NULL),
(31, 11, 8, '2025-01-18', 'السبت', '10:00:00', 'R407', NULL),
(32, 12, 8, '2025-01-19', 'الأحد', '10:00:00', 'R408', NULL),
(33, 5, 10, '2025-01-12', 'الأحد', '10:00:00', 'R501', NULL),
(34, 6, 10, '2025-01-13', 'الاثنين', '10:00:00', 'R502', NULL),
(35, 7, 10, '2025-01-14', 'الثلاثاء', '10:00:00', 'R503', NULL),
(36, 8, 10, '2025-01-15', 'الأربعاء', '10:00:00', 'R504', NULL),
(37, 9, 10, '2025-01-16', 'الخميس', '10:00:00', 'R505', NULL),
(38, 10, 10, '2025-01-17', 'الجمعة', '10:00:00', 'R506', NULL),
(39, 11, 10, '2025-01-18', 'السبت', '10:00:00', 'R507', NULL),
(40, 12, 10, '2025-01-19', 'الأحد', '10:00:00', 'R508', NULL),
(41, 5, 12, '2025-01-12', 'الأحد', '10:00:00', 'R601', NULL),
(42, 6, 12, '2025-01-13', 'الاثنين', '10:00:00', 'R602', NULL),
(43, 7, 12, '2025-01-14', 'الثلاثاء', '10:00:00', 'R603', NULL),
(44, 8, 12, '2025-01-15', 'الأربعاء', '10:00:00', 'R604', NULL),
(45, 9, 12, '2025-01-16', 'الخميس', '10:00:00', 'R605', NULL),
(46, 10, 12, '2025-01-17', 'الجمعة', '10:00:00', 'R606', NULL),
(47, 11, 12, '2025-01-18', 'السبت', '10:00:00', 'R607', NULL),
(48, 12, 12, '2025-01-19', 'الأحد', '10:00:00', 'R608', NULL);

-- --------------------------------------------------------

--
-- بنية الجدول `grades`
--

CREATE TABLE `grades` (
  `id` int(11) NOT NULL,
  `student_id` int(11) DEFAULT NULL,
  `subject_id` int(11) DEFAULT NULL,
  `class_id` int(11) DEFAULT NULL,
  `first_exam` float DEFAULT NULL,
  `second_exam` float DEFAULT NULL,
  `activity` float DEFAULT NULL,
  `final_exam` float DEFAULT NULL,
  `created_at` timestamp NULL DEFAULT NULL
) ENGINE=InnoDB DEFAULT CHARSET=utf8mb4 COLLATE=utf8mb4_general_ci;

--
-- إرجاع أو استيراد بيانات الجدول `grades`
--

INSERT INTO `grades` (`id`, `student_id`, `subject_id`, `class_id`, `first_exam`, `second_exam`, `activity`, `final_exam`, `created_at`) VALUES
(3, 7, 5, 8, 78, 82, 20, 85, NULL),
(4, 7, 6, 8, 80, 75, 18, 84, NULL),
(5, 7, 7, 8, 76, 79, 17, 83, NULL),
(6, 7, 8, 8, 82, 77, 19, 86, NULL),
(7, 8, 5, 8, 81, 79, 19, 87, NULL),
(8, 8, 6, 8, 77, 74, 18, 82, NULL),
(9, 8, 7, 8, 83, 80, 20, 88, NULL),
(10, 8, 8, 8, 79, 78, 17, 84, NULL),
(11, 11, 5, 10, 80, 82, 18, 85, NULL),
(12, 11, 6, 10, 76, 79, 19, 83, NULL),
(13, 11, 7, 10, 82, 77, 20, 86, NULL),
(14, 11, 8, 10, 75, 73, 17, 81, NULL),
(15, 12, 5, 10, 79, 84, 20, 88, NULL),
(16, 12, 6, 10, 82, 76, 18, 85, NULL),
(17, 12, 7, 10, 78, 80, 19, 83, NULL),
(18, 12, 8, 10, 81, 77, 18, 86, NULL),
(19, 15, 5, 12, 82, 79, 18, 87, NULL),
(20, 15, 6, 12, 77, 75, 17, 83, NULL),
(21, 15, 7, 12, 81, 78, 19, 86, NULL),
(22, 15, 8, 12, 80, 76, 18, 85, NULL),
(23, 16, 5, 12, 84, 80, 19, 89, NULL),
(24, 16, 6, 12, 78, 76, 18, 84, NULL),
(25, 16, 7, 12, 83, 79, 20, 87, NULL),
(26, 16, 8, 12, 81, 78, 19, 85, NULL),
(27, 9, 1, 9, 88, 84, 20, 90, NULL),
(28, 9, 2, 9, 82, 80, 18, 87, NULL),
(29, 9, 3, 9, 85, 83, 19, 88, NULL),
(30, 9, 4, 9, 84, 82, 18, 86, NULL),
(31, 10, 1, 9, 90, 85, 20, 92, NULL),
(32, 10, 2, 9, 84, 82, 19, 88, NULL),
(33, 10, 3, 9, 86, 80, 18, 87, NULL),
(34, 10, 4, 9, 83, 81, 19, 86, NULL),
(35, 13, 1, 11, 89, 87, 20, 93, NULL),
(36, 13, 2, 11, 85, 82, 18, 88, NULL),
(37, 13, 3, 11, 84, 83, 19, 89, NULL),
(38, 13, 4, 11, 86, 81, 18, 87, NULL),
(39, 14, 1, 11, 92, 88, 20, 95, NULL),
(40, 14, 2, 11, 86, 83, 19, 90, NULL),
(41, 14, 3, 11, 85, 82, 18, 87, NULL),
(42, 14, 4, 11, 88, 84, 20, 93, NULL),
(43, 17, 1, 7, 75, 78, 15, 80, NULL),
(44, 17, 2, 7, 72, 74, 14, 78, NULL),
(45, 17, 3, 7, 70, 73, 16, 79, NULL),
(46, 17, 4, 7, 68, 70, 15, 76, NULL),
(47, 18, 1, 7, 85, 80, 18, 88, NULL),
(48, 18, 2, 7, 82, 78, 17, 85, NULL),
(49, 18, 3, 7, 80, 79, 16, 84, NULL),
(50, 18, 4, 7, 78, 77, 17, 82, NULL),
(51, 5, 1, 7, 6, 10, 6, 50, NULL),
(52, 5, 2, 7, 11, 10, 16, 8, NULL),
(53, 5, 3, 7, 4, 15, 8, 36, NULL),
(54, 5, 4, 7, 8, 5, 14, 28, NULL),
(55, 5, 9, 7, 0, 10, 9, 20, NULL),
(56, 5, 10, 7, 9, 9, 16, 31, NULL),
(57, 5, 11, 7, 13, 7, 14, 28, NULL),
(58, 5, 12, 7, 9, 7, 14, 14, NULL),
(59, 6, 1, 7, 0, 13, 1, 16, NULL),
(60, 6, 2, 7, 1, 14, 16, 16, NULL),
(61, 6, 3, 7, 1, 2, 11, 39, NULL),
(62, 6, 4, 7, 13, 9, 0, 3, NULL),
(63, 6, 9, 7, 2, 7, 2, 44, NULL),
(64, 6, 10, 7, 11, 1, 9, 28, NULL),
(65, 6, 11, 7, 14, 5, 14, 43, NULL),
(66, 6, 12, 7, 5, 2, 9, 13, NULL),
(67, 7, 9, 8, 5, 4, 15, 21, NULL),
(68, 7, 10, 8, 6, 2, 18, 28, NULL),
(69, 7, 11, 8, 1, 11, 0, 23, NULL),
(70, 7, 12, 8, 12, 7, 5, 23, NULL),
(71, 8, 9, 8, 4, 14, 14, 29, NULL),
(72, 8, 10, 8, 11, 10, 9, 7, NULL),
(73, 8, 11, 8, 13, 6, 7, 15, NULL),
(74, 8, 12, 8, 0, 1, 10, 32, NULL),
(75, 9, 9, 9, 15, 11, 12, 19, NULL),
(76, 9, 10, 9, 8, 0, 6, 24, NULL),
(77, 9, 11, 9, 5, 6, 7, 1, NULL),
(78, 9, 12, 9, 14, 8, 15, 28, NULL),
(79, 10, 9, 9, 4, 1, 15, 15, NULL),
(80, 10, 10, 9, 4, 2, 5, 32, NULL),
(81, 10, 11, 9, 14, 7, 1, 44, NULL),
(82, 10, 12, 9, 13, 14, 2, 11, NULL),
(83, 11, 9, 10, 14, 10, 3, 18, NULL),
(84, 11, 10, 10, 1, 15, 13, 32, NULL),
(85, 11, 11, 10, 2, 10, 20, 43, NULL),
(86, 11, 12, 10, 12, 13, 19, 41, NULL),
(87, 12, 9, 10, 6, 7, 8, 6, NULL),
(88, 12, 10, 10, 7, 9, 5, 39, NULL),
(89, 12, 11, 10, 4, 0, 0, 48, NULL),
(90, 12, 12, 10, 7, 1, 5, 47, NULL),
(91, 13, 9, 11, 10, 2, 14, 14, NULL),
(92, 13, 10, 11, 8, 12, 20, 20, NULL),
(93, 13, 11, 11, 8, 10, 9, 18, NULL),
(94, 13, 12, 11, 5, 8, 8, 22, NULL),
(95, 14, 9, 11, 12, 12, 3, 11, NULL),
(96, 14, 10, 11, 1, 4, 14, 19, NULL),
(97, 14, 11, 11, 13, 10, 1, 27, NULL),
(98, 14, 12, 11, 3, 6, 1, 2, NULL),
(99, 15, 9, 12, 12, 3, 3, 4, NULL),
(100, 15, 10, 12, 13, 9, 20, 25, NULL),
(101, 15, 11, 12, 9, 5, 16, 21, NULL),
(102, 15, 12, 12, 0, 11, 2, 16, NULL),
(103, 16, 9, 12, 14, 12, 2, 0, NULL),
(104, 16, 10, 12, 2, 0, 9, 2, NULL),
(105, 16, 11, 12, 5, 0, 14, 15, NULL),
(106, 16, 12, 12, 8, 1, 4, 4, NULL),
(107, 17, 9, 7, 1, 13, 5, 13, NULL),
(108, 17, 10, 7, 12, 3, 6, 13, NULL),
(109, 17, 11, 7, 4, 1, 4, 31, NULL),
(110, 17, 12, 7, 11, 1, 10, 6, NULL),
(111, 18, 9, 7, 1, 3, 4, 29, NULL),
(112, 18, 10, 7, 0, 1, 2, 50, NULL),
(113, 18, 11, 7, 1, 5, 16, 10, NULL),
(114, 18, 12, 7, 10, 12, 14, 31, NULL),
(115, 19, 1, 7, 1, 13, 13, 11, NULL),
(116, 19, 2, 7, 9, 3, 0, 47, NULL),
(117, 19, 3, 7, 14, 8, 1, 21, NULL),
(118, 19, 4, 7, 4, 11, 3, 7, NULL),
(119, 19, 9, 7, 11, 13, 19, 9, NULL),
(120, 19, 10, 7, 12, 1, 13, 11, NULL),
(121, 19, 11, 7, 3, 10, 11, 20, NULL),
(122, 19, 12, 7, 1, 13, 12, 25, NULL),
(123, 20, 1, 7, 15, 12, 1, 30, NULL),
(124, 20, 2, 7, 8, 7, 17, 9, NULL),
(125, 20, 3, 7, 13, 7, 8, 14, NULL),
(126, 20, 4, 7, 12, 12, 13, 38, NULL),
(127, 20, 9, 7, 3, 3, 4, 50, NULL),
(128, 20, 10, 7, 11, 11, 15, 36, NULL),
(129, 20, 11, 7, 0, 3, 5, 21, NULL),
(130, 20, 12, 7, 14, 4, 7, 0, NULL),
(131, 21, 1, 7, 11, 0, 10, 34, NULL),
(132, 21, 2, 7, 5, 7, 9, 19, NULL),
(133, 21, 3, 7, 8, 6, 18, 32, NULL),
(134, 21, 4, 7, 8, 8, 8, 3, NULL),
(135, 21, 9, 7, 9, 4, 14, 14, NULL),
(136, 21, 10, 7, 10, 8, 10, 6, NULL),
(137, 21, 11, 7, 3, 13, 3, 29, NULL),
(138, 21, 12, 7, 0, 10, 14, 16, NULL),
(139, 22, 1, 7, 6, 13, 16, 48, NULL),
(140, 22, 2, 7, 5, 12, 14, 13, NULL),
(141, 22, 3, 7, 9, 1, 14, 36, NULL),
(142, 22, 4, 7, 14, 12, 2, 9, NULL),
(143, 22, 9, 7, 9, 0, 20, 32, NULL),
(144, 22, 10, 7, 8, 11, 14, 7, NULL),
(145, 22, 11, 7, 1, 13, 7, 36, NULL),
(146, 22, 12, 7, 14, 11, 2, 13, NULL),
(147, 23, 1, 7, 2, 3, 8, 24, NULL),
(148, 23, 2, 7, 0, 1, 16, 40, NULL),
(149, 23, 3, 7, 5, 4, 1, 12, NULL),
(150, 23, 4, 7, 14, 2, 5, 36, NULL),
(151, 23, 9, 7, 3, 12, 12, 28, NULL),
(152, 23, 10, 7, 5, 8, 15, 40, NULL),
(153, 23, 11, 7, 7, 14, 6, 29, NULL),
(154, 23, 12, 7, 1, 1, 13, 42, NULL),
(155, 24, 1, 7, 7, 8, 20, 24, NULL),
(156, 24, 2, 7, 10, 4, 7, 38, NULL),
(157, 24, 3, 7, 1, 15, 18, 10, NULL),
(158, 24, 4, 7, 14, 4, 9, 3, NULL),
(159, 24, 9, 7, 3, 13, 11, 23, NULL),
(160, 24, 10, 7, 1, 1, 2, 3, NULL),
(161, 24, 11, 7, 11, 1, 12, 43, NULL),
(162, 24, 12, 7, 8, 12, 11, 0, NULL),
(163, 25, 1, 7, 11, 14, 17, 7, NULL),
(164, 25, 2, 7, 4, 5, 11, 29, NULL),
(165, 25, 3, 7, 12, 12, 8, 29, NULL),
(166, 25, 4, 7, 1, 12, 7, 12, NULL),
(167, 25, 9, 7, 0, 14, 2, 38, NULL),
(168, 25, 10, 7, 0, 6, 8, 19, NULL),
(169, 25, 11, 7, 7, 7, 6, 37, NULL),
(170, 25, 12, 7, 12, 4, 10, 49, NULL),
(171, 26, 1, 7, 4, 0, 9, 12, NULL),
(172, 26, 2, 7, 6, 2, 1, 31, NULL),
(173, 26, 3, 7, 12, 5, 8, 27, NULL),
(174, 26, 4, 7, 3, 3, 17, 49, NULL),
(175, 26, 9, 7, 11, 0, 6, 6, NULL),
(176, 26, 10, 7, 1, 8, 11, 6, NULL),
(177, 26, 11, 7, 4, 11, 13, 1, NULL),
(178, 26, 12, 7, 1, 15, 3, 19, NULL),
(179, 27, 1, 7, 15, 13, 11, 4, NULL),
(180, 27, 2, 7, 14, 12, 20, 32, NULL),
(181, 27, 3, 7, 4, 9, 13, 30, NULL),
(182, 27, 4, 7, 12, 7, 9, 26, NULL),
(183, 27, 9, 7, 13, 14, 18, 8, NULL),
(184, 27, 10, 7, 10, 10, 16, 47, NULL),
(185, 27, 11, 7, 12, 5, 12, 1, NULL),
(186, 27, 12, 7, 8, 5, 5, 12, NULL),
(187, 28, 1, 7, 14, 4, 4, 14, NULL),
(188, 28, 2, 7, 11, 2, 3, 0, NULL),
(189, 28, 3, 7, 8, 2, 8, 7, NULL),
(190, 28, 4, 7, 9, 13, 13, 29, NULL),
(191, 28, 9, 7, 0, 7, 5, 20, NULL),
(192, 28, 10, 7, 6, 15, 5, 37, NULL),
(193, 28, 11, 7, 5, 9, 18, 7, NULL),
(194, 28, 12, 7, 5, 4, 10, 47, NULL),
(195, 29, 5, 8, 0, 15, 5, 8, NULL),
(196, 29, 6, 8, 3, 8, 18, 48, NULL),
(197, 29, 7, 8, 6, 13, 9, 18, NULL),
(198, 29, 8, 8, 9, 5, 12, 11, NULL),
(199, 29, 9, 8, 8, 9, 5, 41, NULL),
(200, 29, 10, 8, 14, 7, 6, 37, NULL),
(201, 29, 11, 8, 1, 15, 10, 24, NULL),
(202, 29, 12, 8, 3, 9, 8, 9, NULL),
(203, 30, 5, 8, 2, 9, 10, 13, NULL),
(204, 30, 6, 8, 0, 8, 3, 48, NULL),
(205, 30, 7, 8, 7, 7, 10, 40, NULL),
(206, 30, 8, 8, 14, 12, 6, 37, NULL),
(207, 30, 9, 8, 14, 6, 5, 47, NULL),
(208, 30, 10, 8, 14, 6, 13, 49, NULL),
(209, 30, 11, 8, 7, 7, 4, 23, NULL),
(210, 30, 12, 8, 8, 4, 0, 44, NULL),
(211, 31, 5, 8, 15, 6, 4, 33, NULL),
(212, 31, 6, 8, 7, 2, 7, 35, NULL),
(213, 31, 7, 8, 9, 9, 15, 14, NULL),
(214, 31, 8, 8, 15, 1, 1, 28, NULL),
(215, 31, 9, 8, 0, 6, 0, 40, NULL),
(216, 31, 10, 8, 13, 14, 0, 39, NULL),
(217, 31, 11, 8, 14, 11, 6, 49, NULL),
(218, 31, 12, 8, 6, 0, 19, 37, NULL),
(219, 32, 5, 8, 9, 2, 0, 25, NULL),
(220, 32, 6, 8, 5, 11, 4, 6, NULL),
(221, 32, 7, 8, 6, 0, 5, 7, NULL),
(222, 32, 8, 8, 13, 6, 3, 26, NULL),
(223, 32, 9, 8, 10, 4, 8, 26, NULL),
(224, 32, 10, 8, 2, 9, 1, 26, NULL),
(225, 32, 11, 8, 5, 4, 19, 12, NULL),
(226, 32, 12, 8, 9, 2, 1, 16, NULL),
(227, 33, 5, 8, 10, 5, 10, 20, NULL),
(228, 33, 6, 8, 10, 12, 12, 12, NULL),
(229, 33, 7, 8, 11, 15, 13, 48, NULL),
(230, 33, 8, 8, 5, 11, 6, 20, NULL),
(231, 33, 9, 8, 4, 5, 15, 15, NULL),
(232, 33, 10, 8, 11, 15, 11, 20, NULL),
(233, 33, 11, 8, 5, 5, 3, 15, NULL),
(234, 33, 12, 8, 7, 3, 4, 34, NULL),
(235, 34, 5, 8, 13, 6, 13, 5, NULL),
(236, 34, 6, 8, 1, 9, 10, 35, NULL),
(237, 34, 7, 8, 11, 15, 1, 49, NULL),
(238, 34, 8, 8, 14, 3, 7, 20, NULL),
(239, 34, 9, 8, 1, 15, 17, 14, NULL),
(240, 34, 10, 8, 12, 11, 7, 24, NULL),
(241, 34, 11, 8, 5, 10, 19, 15, NULL),
(242, 34, 12, 8, 6, 8, 10, 41, NULL),
(243, 35, 5, 8, 7, 3, 1, 2, NULL),
(244, 35, 6, 8, 0, 4, 18, 40, NULL),
(245, 35, 7, 8, 11, 15, 6, 36, NULL),
(246, 35, 8, 8, 8, 1, 15, 43, NULL),
(247, 35, 9, 8, 15, 12, 13, 18, NULL),
(248, 35, 10, 8, 5, 15, 5, 8, NULL),
(249, 35, 11, 8, 5, 11, 18, 10, NULL),
(250, 35, 12, 8, 12, 13, 16, 37, NULL),
(251, 36, 5, 8, 5, 8, 15, 36, NULL),
(252, 36, 6, 8, 11, 13, 18, 48, NULL),
(253, 36, 7, 8, 15, 5, 7, 12, NULL),
(254, 36, 8, 8, 9, 9, 12, 33, NULL),
(255, 36, 9, 8, 3, 4, 13, 43, NULL),
(256, 36, 10, 8, 9, 6, 6, 27, NULL),
(257, 36, 11, 8, 5, 1, 5, 40, NULL),
(258, 36, 12, 8, 2, 3, 11, 29, NULL),
(259, 37, 5, 8, 0, 10, 8, 40, NULL),
(260, 37, 6, 8, 1, 5, 13, 48, NULL),
(261, 37, 7, 8, 13, 4, 20, 9, NULL),
(262, 37, 8, 8, 1, 11, 5, 46, NULL),
(263, 37, 9, 8, 12, 11, 18, 39, NULL),
(264, 37, 10, 8, 11, 1, 2, 2, NULL),
(265, 37, 11, 8, 6, 4, 17, 5, NULL),
(266, 37, 12, 8, 12, 6, 2, 25, NULL),
(267, 38, 5, 8, 10, 13, 9, 17, NULL),
(268, 38, 6, 8, 9, 6, 14, 25, NULL),
(269, 38, 7, 8, 15, 3, 20, 39, NULL),
(270, 38, 8, 8, 11, 4, 9, 7, NULL),
(271, 38, 9, 8, 12, 15, 5, 24, NULL),
(272, 38, 10, 8, 5, 11, 17, 4, NULL),
(273, 38, 11, 8, 6, 12, 9, 33, NULL),
(274, 38, 12, 8, 13, 4, 1, 23, NULL),
(275, 39, 1, 9, 6, 3, 1, 16, NULL),
(276, 39, 2, 9, 8, 1, 10, 29, NULL),
(277, 39, 3, 9, 0, 1, 5, 41, NULL),
(278, 39, 4, 9, 7, 4, 9, 4, NULL),
(279, 39, 9, 9, 3, 12, 10, 10, NULL),
(280, 39, 10, 9, 10, 14, 15, 3, NULL),
(281, 39, 11, 9, 12, 10, 19, 12, NULL),
(282, 39, 12, 9, 0, 4, 13, 47, NULL),
(283, 40, 1, 9, 10, 4, 2, 31, NULL),
(284, 40, 2, 9, 10, 11, 7, 21, NULL),
(285, 40, 3, 9, 12, 11, 14, 30, NULL),
(286, 40, 4, 9, 13, 4, 4, 4, NULL),
(287, 40, 9, 9, 13, 7, 7, 33, NULL),
(288, 40, 10, 9, 1, 5, 8, 47, NULL),
(289, 40, 11, 9, 12, 12, 1, 43, NULL),
(290, 40, 12, 9, 9, 2, 13, 0, NULL),
(291, 41, 1, 9, 4, 13, 3, 43, NULL),
(292, 41, 2, 9, 14, 3, 18, 18, NULL),
(293, 41, 3, 9, 2, 10, 11, 46, NULL),
(294, 41, 4, 9, 14, 6, 17, 0, NULL),
(295, 41, 9, 9, 6, 3, 4, 21, NULL),
(296, 41, 10, 9, 7, 12, 4, 27, NULL),
(297, 41, 11, 9, 6, 11, 15, 32, NULL),
(298, 41, 12, 9, 6, 7, 0, 26, NULL),
(299, 42, 1, 9, 10, 10, 11, 1, NULL),
(300, 42, 2, 9, 12, 12, 8, 17, NULL),
(301, 42, 3, 9, 6, 4, 10, 40, NULL),
(302, 42, 4, 9, 10, 8, 10, 42, NULL),
(303, 42, 9, 9, 13, 6, 13, 22, NULL),
(304, 42, 10, 9, 7, 3, 20, 43, NULL),
(305, 42, 11, 9, 4, 12, 18, 2, NULL),
(306, 42, 12, 9, 6, 12, 16, 7, NULL),
(307, 43, 1, 9, 15, 11, 16, 22, NULL),
(308, 43, 2, 9, 4, 9, 3, 48, NULL),
(309, 43, 3, 9, 15, 0, 10, 45, NULL),
(310, 43, 4, 9, 13, 9, 1, 48, NULL),
(311, 43, 9, 9, 3, 11, 7, 49, NULL),
(312, 43, 10, 9, 8, 10, 4, 39, NULL),
(313, 43, 11, 9, 4, 6, 8, 20, NULL),
(314, 43, 12, 9, 12, 14, 13, 45, NULL),
(315, 44, 1, 9, 11, 9, 4, 3, NULL),
(316, 44, 2, 9, 9, 5, 4, 35, NULL),
(317, 44, 3, 9, 12, 5, 0, 18, NULL),
(318, 44, 4, 9, 12, 11, 16, 5, NULL),
(319, 44, 9, 9, 7, 11, 12, 18, NULL),
(320, 44, 10, 9, 5, 8, 9, 6, NULL),
(321, 44, 11, 9, 5, 1, 15, 0, NULL),
(322, 44, 12, 9, 13, 2, 6, 36, NULL),
(323, 45, 1, 9, 1, 14, 10, 14, NULL),
(324, 45, 2, 9, 0, 15, 18, 6, NULL),
(325, 45, 3, 9, 4, 1, 5, 26, NULL),
(326, 45, 4, 9, 9, 9, 14, 47, NULL),
(327, 45, 9, 9, 7, 14, 4, 9, NULL),
(328, 45, 10, 9, 6, 8, 8, 46, NULL),
(329, 45, 11, 9, 15, 11, 13, 13, NULL),
(330, 45, 12, 9, 6, 0, 16, 14, NULL),
(331, 46, 1, 9, 9, 9, 8, 1, NULL),
(332, 46, 2, 9, 12, 15, 5, 10, NULL),
(333, 46, 3, 9, 5, 6, 5, 44, NULL),
(334, 46, 4, 9, 6, 4, 1, 28, NULL),
(335, 46, 9, 9, 12, 12, 6, 12, NULL),
(336, 46, 10, 9, 1, 8, 17, 17, NULL),
(337, 46, 11, 9, 13, 11, 8, 21, NULL),
(338, 46, 12, 9, 1, 4, 19, 2, NULL),
(339, 47, 1, 9, 10, 7, 13, 50, NULL),
(340, 47, 2, 9, 0, 0, 13, 0, NULL),
(341, 47, 3, 9, 1, 7, 19, 1, NULL),
(342, 47, 4, 9, 1, 1, 13, 7, NULL),
(343, 47, 9, 9, 8, 15, 3, 34, NULL),
(344, 47, 10, 9, 4, 10, 1, 16, NULL),
(345, 47, 11, 9, 12, 0, 12, 1, NULL),
(346, 47, 12, 9, 6, 5, 4, 30, NULL),
(347, 48, 1, 9, 8, 7, 4, 35, NULL),
(348, 48, 2, 9, 7, 11, 12, 26, NULL),
(349, 48, 3, 9, 3, 13, 14, 45, NULL),
(350, 48, 4, 9, 12, 7, 0, 26, NULL),
(351, 48, 9, 9, 9, 15, 16, 31, NULL),
(352, 48, 10, 9, 1, 11, 5, 29, NULL),
(353, 48, 11, 9, 1, 11, 19, 0, NULL),
(354, 48, 12, 9, 0, 3, 11, 43, NULL),
(355, 49, 5, 10, 5, 13, 9, 0, NULL),
(356, 49, 6, 10, 10, 0, 10, 45, NULL),
(357, 49, 7, 10, 5, 5, 7, 3, NULL),
(358, 49, 8, 10, 2, 15, 2, 48, NULL),
(359, 49, 9, 10, 15, 12, 20, 3, NULL),
(360, 49, 10, 10, 11, 6, 0, 12, NULL),
(361, 49, 11, 10, 2, 0, 1, 33, NULL),
(362, 49, 12, 10, 8, 10, 12, 17, NULL),
(363, 50, 5, 10, 6, 0, 1, 37, NULL),
(364, 50, 6, 10, 13, 7, 15, 16, NULL),
(365, 50, 7, 10, 15, 1, 15, 12, NULL),
(366, 50, 8, 10, 5, 2, 19, 7, NULL),
(367, 50, 9, 10, 0, 3, 9, 41, NULL),
(368, 50, 10, 10, 12, 8, 6, 39, NULL),
(369, 50, 11, 10, 4, 13, 6, 17, NULL),
(370, 50, 12, 10, 15, 8, 3, 30, NULL),
(371, 51, 5, 10, 13, 6, 15, 24, NULL),
(372, 51, 6, 10, 13, 7, 10, 9, NULL),
(373, 51, 7, 10, 2, 11, 18, 36, NULL),
(374, 51, 8, 10, 0, 5, 12, 26, NULL),
(375, 51, 9, 10, 5, 3, 19, 16, NULL),
(376, 51, 10, 10, 6, 10, 6, 20, NULL),
(377, 51, 11, 10, 10, 15, 5, 26, NULL),
(378, 51, 12, 10, 7, 15, 15, 2, NULL),
(379, 52, 5, 10, 6, 4, 1, 29, NULL),
(380, 52, 6, 10, 10, 11, 6, 1, NULL),
(381, 52, 7, 10, 4, 12, 17, 45, NULL),
(382, 52, 8, 10, 14, 9, 1, 18, NULL),
(383, 52, 9, 10, 1, 9, 8, 3, NULL),
(384, 52, 10, 10, 11, 0, 1, 19, NULL),
(385, 52, 11, 10, 5, 7, 17, 43, NULL),
(386, 52, 12, 10, 0, 12, 1, 18, NULL),
(387, 53, 5, 10, 4, 9, 20, 39, NULL),
(388, 53, 6, 10, 11, 10, 8, 42, NULL),
(389, 53, 7, 10, 4, 1, 20, 33, NULL),
(390, 53, 8, 10, 14, 0, 7, 2, NULL),
(391, 53, 9, 10, 5, 9, 14, 33, NULL),
(392, 53, 10, 10, 5, 12, 20, 22, NULL),
(393, 53, 11, 10, 7, 12, 3, 44, NULL),
(394, 53, 12, 10, 14, 14, 0, 50, NULL),
(395, 54, 5, 10, 6, 14, 4, 4, NULL),
(396, 54, 6, 10, 12, 4, 3, 27, NULL),
(397, 54, 7, 10, 5, 5, 15, 47, NULL),
(398, 54, 8, 10, 15, 2, 13, 46, NULL),
(399, 54, 9, 10, 5, 4, 7, 49, NULL),
(400, 54, 10, 10, 5, 13, 6, 7, NULL),
(401, 54, 11, 10, 3, 8, 4, 12, NULL),
(402, 54, 12, 10, 9, 8, 0, 40, NULL),
(403, 55, 5, 10, 11, 0, 7, 40, NULL),
(404, 55, 6, 10, 8, 2, 15, 41, NULL),
(405, 55, 7, 10, 5, 2, 1, 38, NULL),
(406, 55, 8, 10, 10, 8, 5, 36, NULL),
(407, 55, 9, 10, 1, 6, 2, 12, NULL),
(408, 55, 10, 10, 4, 2, 4, 26, NULL),
(409, 55, 11, 10, 1, 11, 17, 36, NULL),
(410, 55, 12, 10, 9, 12, 11, 17, NULL),
(411, 56, 5, 10, 0, 6, 0, 28, NULL),
(412, 56, 6, 10, 15, 2, 16, 35, NULL),
(413, 56, 7, 10, 6, 1, 20, 1, NULL),
(414, 56, 8, 10, 10, 3, 17, 2, NULL),
(415, 56, 9, 10, 15, 0, 5, 13, NULL),
(416, 56, 10, 10, 4, 0, 8, 48, NULL),
(417, 56, 11, 10, 7, 7, 19, 48, NULL),
(418, 56, 12, 10, 13, 13, 8, 8, NULL),
(419, 57, 5, 10, 4, 13, 7, 2, NULL),
(420, 57, 6, 10, 15, 1, 14, 11, NULL),
(421, 57, 7, 10, 6, 4, 4, 49, NULL),
(422, 57, 8, 10, 15, 15, 3, 49, NULL),
(423, 57, 9, 10, 12, 5, 13, 30, NULL),
(424, 57, 10, 10, 2, 8, 8, 27, NULL),
(425, 57, 11, 10, 0, 8, 1, 8, NULL),
(426, 57, 12, 10, 11, 9, 12, 17, NULL),
(427, 58, 5, 10, 6, 9, 12, 15, NULL),
(428, 58, 6, 10, 11, 3, 18, 12, NULL),
(429, 58, 7, 10, 11, 2, 9, 25, NULL),
(430, 58, 8, 10, 14, 6, 7, 15, NULL),
(431, 58, 9, 10, 0, 15, 2, 22, NULL),
(432, 58, 10, 10, 15, 10, 10, 9, NULL),
(433, 58, 11, 10, 3, 5, 12, 21, NULL),
(434, 58, 12, 10, 9, 11, 18, 50, NULL),
(435, 59, 1, 11, 0, 7, 5, 36, NULL),
(436, 59, 2, 11, 14, 10, 13, 7, NULL),
(437, 59, 3, 11, 7, 4, 7, 36, NULL),
(438, 59, 4, 11, 14, 6, 10, 15, NULL),
(439, 59, 9, 11, 7, 13, 17, 39, NULL),
(440, 59, 10, 11, 14, 0, 6, 14, NULL),
(441, 59, 11, 11, 1, 13, 17, 11, NULL),
(442, 59, 12, 11, 15, 4, 14, 35, NULL),
(443, 60, 1, 11, 3, 8, 4, 29, NULL),
(444, 60, 2, 11, 13, 6, 4, 13, NULL),
(445, 60, 3, 11, 13, 12, 2, 50, NULL),
(446, 60, 4, 11, 8, 8, 17, 19, NULL),
(447, 60, 9, 11, 0, 5, 6, 10, NULL),
(448, 60, 10, 11, 14, 6, 14, 1, NULL),
(449, 60, 11, 11, 12, 5, 3, 36, NULL),
(450, 60, 12, 11, 8, 13, 7, 33, NULL),
(451, 61, 1, 11, 14, 3, 7, 6, NULL),
(452, 61, 2, 11, 7, 13, 18, 3, NULL),
(453, 61, 3, 11, 13, 13, 2, 16, NULL),
(454, 61, 4, 11, 13, 13, 12, 15, NULL),
(455, 61, 9, 11, 13, 4, 6, 36, NULL),
(456, 61, 10, 11, 5, 5, 14, 42, NULL),
(457, 61, 11, 11, 2, 9, 5, 33, NULL),
(458, 61, 12, 11, 15, 12, 6, 36, NULL),
(459, 62, 1, 11, 6, 4, 12, 36, NULL),
(460, 62, 2, 11, 11, 3, 3, 0, NULL),
(461, 62, 3, 11, 11, 13, 8, 31, NULL),
(462, 62, 4, 11, 9, 6, 12, 6, NULL),
(463, 62, 9, 11, 5, 8, 8, 48, NULL),
(464, 62, 10, 11, 2, 4, 14, 5, NULL),
(465, 62, 11, 11, 3, 2, 15, 11, NULL),
(466, 62, 12, 11, 3, 15, 18, 24, NULL),
(467, 63, 1, 11, 15, 5, 19, 47, NULL),
(468, 63, 2, 11, 14, 3, 0, 13, NULL),
(469, 63, 3, 11, 1, 8, 8, 50, NULL),
(470, 63, 4, 11, 1, 9, 10, 38, NULL),
(471, 63, 9, 11, 12, 14, 11, 20, NULL),
(472, 63, 10, 11, 13, 8, 10, 11, NULL),
(473, 63, 11, 11, 12, 4, 13, 39, NULL),
(474, 63, 12, 11, 7, 9, 8, 32, NULL),
(475, 64, 1, 11, 1, 6, 10, 26, NULL),
(476, 64, 2, 11, 7, 2, 20, 44, NULL),
(477, 64, 3, 11, 5, 14, 15, 41, NULL),
(478, 64, 4, 11, 10, 10, 11, 48, NULL),
(479, 64, 9, 11, 12, 11, 11, 27, NULL),
(480, 64, 10, 11, 1, 7, 10, 6, NULL),
(481, 64, 11, 11, 12, 11, 8, 1, NULL),
(482, 64, 12, 11, 13, 1, 15, 15, NULL),
(483, 65, 1, 11, 1, 14, 8, 40, NULL),
(484, 65, 2, 11, 1, 5, 12, 48, NULL),
(485, 65, 3, 11, 0, 2, 11, 30, NULL),
(486, 65, 4, 11, 1, 0, 10, 8, NULL),
(487, 65, 9, 11, 1, 14, 7, 44, NULL),
(488, 65, 10, 11, 10, 12, 2, 17, NULL),
(489, 65, 11, 11, 13, 12, 5, 27, NULL),
(490, 65, 12, 11, 13, 14, 19, 37, NULL),
(491, 66, 1, 11, 4, 3, 3, 7, NULL),
(492, 66, 2, 11, 7, 10, 18, 48, NULL),
(493, 66, 3, 11, 15, 2, 12, 23, NULL),
(494, 66, 4, 11, 2, 13, 6, 13, NULL),
(495, 66, 9, 11, 1, 8, 6, 42, NULL),
(496, 66, 10, 11, 3, 15, 9, 0, NULL),
(497, 66, 11, 11, 9, 13, 17, 43, NULL),
(498, 66, 12, 11, 12, 13, 20, 27, NULL),
(499, 67, 1, 11, 4, 11, 8, 26, NULL),
(500, 67, 2, 11, 12, 15, 1, 8, NULL),
(501, 67, 3, 11, 10, 7, 0, 27, NULL),
(502, 67, 4, 11, 4, 14, 8, 30, NULL),
(503, 67, 9, 11, 13, 7, 11, 44, NULL),
(504, 67, 10, 11, 0, 13, 3, 32, NULL),
(505, 67, 11, 11, 7, 7, 6, 34, NULL),
(506, 67, 12, 11, 7, 8, 3, 40, NULL),
(507, 68, 1, 11, 1, 2, 20, 39, NULL),
(508, 68, 2, 11, 10, 0, 7, 27, NULL),
(509, 68, 3, 11, 1, 10, 10, 32, NULL),
(510, 68, 4, 11, 11, 2, 15, 10, NULL),
(511, 68, 9, 11, 3, 10, 9, 6, NULL),
(512, 68, 10, 11, 8, 7, 2, 32, NULL),
(513, 68, 11, 11, 6, 2, 2, 6, NULL),
(514, 68, 12, 11, 12, 12, 18, 25, NULL),
(515, 69, 5, 12, 7, 6, 12, 32, NULL),
(516, 69, 6, 12, 1, 9, 11, 14, NULL),
(517, 69, 7, 12, 14, 3, 16, 32, NULL),
(518, 69, 8, 12, 6, 6, 13, 6, NULL),
(519, 69, 9, 12, 13, 14, 3, 14, NULL),
(520, 69, 10, 12, 10, 9, 2, 44, NULL),
(521, 69, 11, 12, 8, 11, 15, 12, NULL),
(522, 69, 12, 12, 2, 8, 20, 28, NULL),
(523, 70, 5, 12, 15, 11, 12, 1, NULL),
(524, 70, 6, 12, 9, 12, 3, 37, NULL),
(525, 70, 7, 12, 12, 3, 19, 49, NULL),
(526, 70, 8, 12, 15, 8, 13, 34, NULL),
(527, 70, 9, 12, 5, 14, 11, 6, NULL),
(528, 70, 10, 12, 6, 11, 3, 40, NULL),
(529, 70, 11, 12, 5, 8, 7, 8, NULL),
(530, 70, 12, 12, 8, 3, 15, 30, NULL),
(531, 71, 5, 12, 13, 3, 13, 19, NULL),
(532, 71, 6, 12, 6, 13, 3, 17, NULL),
(533, 71, 7, 12, 4, 7, 13, 37, NULL),
(534, 71, 8, 12, 8, 7, 15, 30, NULL),
(535, 71, 9, 12, 9, 13, 4, 8, NULL),
(536, 71, 10, 12, 5, 14, 17, 42, NULL),
(537, 71, 11, 12, 5, 4, 19, 48, NULL),
(538, 71, 12, 12, 10, 13, 8, 24, NULL),
(539, 72, 5, 12, 4, 13, 4, 10, NULL),
(540, 72, 6, 12, 5, 15, 10, 11, NULL),
(541, 72, 7, 12, 10, 5, 19, 14, NULL),
(542, 72, 8, 12, 3, 7, 3, 41, NULL),
(543, 72, 9, 12, 11, 10, 0, 40, NULL),
(544, 72, 10, 12, 13, 13, 3, 2, NULL),
(545, 72, 11, 12, 6, 0, 5, 45, NULL),
(546, 72, 12, 12, 6, 6, 20, 43, NULL),
(547, 73, 5, 12, 5, 10, 15, 14, NULL),
(548, 73, 6, 12, 15, 12, 1, 15, NULL),
(549, 73, 7, 12, 0, 9, 6, 4, NULL),
(550, 73, 8, 12, 13, 12, 6, 6, NULL),
(551, 73, 9, 12, 10, 5, 13, 0, NULL),
(552, 73, 10, 12, 4, 10, 11, 7, NULL),
(553, 73, 11, 12, 10, 13, 16, 43, NULL),
(554, 73, 12, 12, 2, 3, 10, 2, NULL),
(555, 74, 5, 12, 14, 13, 3, 43, NULL),
(556, 74, 6, 12, 9, 11, 15, 29, NULL),
(557, 74, 7, 12, 6, 14, 17, 27, NULL),
(558, 74, 8, 12, 8, 2, 2, 49, NULL),
(559, 74, 9, 12, 8, 9, 8, 38, NULL),
(560, 74, 10, 12, 2, 8, 18, 45, NULL),
(561, 74, 11, 12, 0, 7, 9, 39, NULL),
(562, 74, 12, 12, 4, 9, 8, 38, NULL),
(563, 75, 5, 12, 8, 10, 7, 13, NULL),
(564, 75, 6, 12, 7, 2, 19, 14, NULL),
(565, 75, 7, 12, 0, 13, 9, 13, NULL),
(566, 75, 8, 12, 5, 14, 15, 43, NULL),
(567, 75, 9, 12, 13, 0, 20, 0, NULL),
(568, 75, 10, 12, 6, 7, 3, 5, NULL),
(569, 75, 11, 12, 14, 15, 17, 22, NULL),
(570, 75, 12, 12, 3, 2, 10, 43, NULL),
(571, 76, 5, 12, 10, 10, 20, 49, NULL),
(572, 76, 6, 12, 11, 4, 11, 30, NULL),
(573, 76, 7, 12, 8, 4, 19, 4, NULL),
(574, 76, 8, 12, 15, 15, 1, 16, NULL),
(575, 76, 9, 12, 2, 15, 0, 47, NULL),
(576, 76, 10, 12, 11, 8, 17, 25, NULL),
(577, 76, 11, 12, 12, 3, 0, 41, NULL),
(578, 76, 12, 12, 15, 12, 1, 3, NULL),
(579, 77, 5, 12, 4, 2, 14, 29, NULL),
(580, 77, 6, 12, 12, 10, 1, 16, NULL),
(581, 77, 7, 12, 11, 1, 13, 46, NULL),
(582, 77, 8, 12, 3, 5, 5, 14, NULL),
(583, 77, 9, 12, 15, 8, 18, 19, NULL),
(584, 77, 10, 12, 13, 12, 3, 8, NULL),
(585, 77, 11, 12, 7, 3, 13, 21, NULL),
(586, 77, 12, 12, 13, 13, 11, 35, NULL),
(587, 78, 5, 12, 3, 7, 8, 45, NULL),
(588, 78, 6, 12, 9, 5, 11, 12, NULL),
(589, 78, 7, 12, 3, 7, 7, 15, NULL),
(590, 78, 8, 12, 5, 6, 10, 17, NULL),
(591, 78, 9, 12, 1, 4, 7, 31, NULL),
(592, 78, 10, 12, 8, 5, 8, 46, NULL),
(593, 78, 11, 12, 1, 7, 8, 10, NULL),
(594, 78, 12, 12, 7, 7, 13, 6, NULL);

-- --------------------------------------------------------

--
-- بنية الجدول `learning_contents`
--

CREATE TABLE `learning_contents` (
  `id` int(11) NOT NULL,
  `subject_id` int(11) DEFAULT NULL,
  `class_id` int(11) DEFAULT NULL,
  `title` varchar(255) DEFAULT NULL,
  `content_type` varchar(100) DEFAULT NULL,
  `description` text DEFAULT NULL,
  `file_path` varchar(255) DEFAULT NULL,
  `teacher_id` int(11) DEFAULT NULL,
  `created_at` timestamp NULL DEFAULT current_timestamp(),
  `updated_at` timestamp NULL DEFAULT current_timestamp() ON UPDATE current_timestamp()
) ENGINE=InnoDB DEFAULT CHARSET=utf8mb4 COLLATE=utf8mb4_general_ci;

--
-- إرجاع أو استيراد بيانات الجدول `learning_contents`
--

INSERT INTO `learning_contents` (`id`, `subject_id`, `class_id`, `title`, `content_type`, `description`, `file_path`, `teacher_id`, `created_at`, `updated_at`) VALUES
(1, 1, 7, 'محتوى تعليمي للصف أول ثانوي - مادة رياضيات', 'link', 'https://youtu.be/Math', NULL, 1, '2026-01-01 18:22:41', '2026-01-01 18:22:41'),
(2, 2, 7, 'محتوى تعليمي للصف أول ثانوي - مادة فيزياء', 'link', 'https://youtu.be/Physics', NULL, 2, '2026-01-01 18:22:41', '2026-01-01 18:22:41'),
(3, 3, 7, 'محتوى تعليمي للصف أول ثانوي - مادة كيمياء', 'link', 'https://youtu.be/Chemistry', NULL, 3, '2026-01-01 18:22:41', '2026-01-01 18:22:41'),
(4, 4, 7, 'محتوى تعليمي للصف أول ثانوي - مادة أحياء', 'link', 'https://youtu.be/Biology', NULL, 4, '2026-01-01 18:22:41', '2026-01-01 18:22:41'),
(5, 9, 7, 'محتوى تعليمي للصف أول ثانوي - مادة تربية بدنية', 'link', 'https://youtu.be/PhysicalEducation', NULL, 9, '2026-01-01 18:22:41', '2026-01-01 18:22:41'),
(6, 10, 7, 'محتوى تعليمي للصف أول ثانوي - مادة فن', 'link', 'https://youtu.be/Art', NULL, 10, '2026-01-01 18:22:41', '2026-01-01 18:22:41'),
(7, 11, 7, 'محتوى تعليمي للصف أول ثانوي - مادة موسيقى', 'link', 'https://youtu.be/Music', NULL, 11, '2026-01-01 18:22:41', '2026-01-01 18:22:41'),
(8, 12, 7, 'محتوى تعليمي للصف أول ثانوي - مادة علوم حاسوب', 'link', 'https://youtu.be/ComputerScience', NULL, 12, '2026-01-01 18:22:41', '2026-01-01 18:22:41'),
(9, 5, 8, 'محتوى تعليمي للصف أول ثانوي - مادة الأدب العربي', 'link', 'https://youtu.be/ArabicLiterature', NULL, 5, '2026-01-01 18:22:41', '2026-01-01 18:22:41'),
(10, 6, 8, 'محتوى تعليمي للصف أول ثانوي - مادة تاريخ', 'link', 'https://youtu.be/History', NULL, 6, '2026-01-01 18:22:41', '2026-01-01 18:22:41'),
(11, 7, 8, 'محتوى تعليمي للصف أول ثانوي - مادة فلسفة', 'link', 'https://youtu.be/Philosophy', NULL, 7, '2026-01-01 18:22:41', '2026-01-01 18:22:41'),
(12, 8, 8, 'محتوى تعليمي للصف أول ثانوي - مادة جغرافيا', 'link', 'https://youtu.be/Geography', NULL, 8, '2026-01-01 18:22:41', '2026-01-01 18:22:41'),
(13, 9, 8, 'محتوى تعليمي للصف أول ثانوي - مادة تربية بدنية', 'link', 'https://youtu.be/PhysicalEducation', NULL, 9, '2026-01-01 18:22:41', '2026-01-01 18:22:41'),
(14, 10, 8, 'محتوى تعليمي للصف أول ثانوي - مادة فن', 'link', 'https://youtu.be/Art', NULL, 10, '2026-01-01 18:22:41', '2026-01-01 18:22:41'),
(15, 11, 8, 'محتوى تعليمي للصف أول ثانوي - مادة موسيقى', 'link', 'https://youtu.be/Music', NULL, 11, '2026-01-01 18:22:41', '2026-01-01 18:22:41'),
(16, 12, 8, 'محتوى تعليمي للصف أول ثانوي - مادة علوم حاسوب', 'link', 'https://youtu.be/ComputerScience', NULL, 12, '2026-01-01 18:22:41', '2026-01-01 18:22:41'),
(17, 1, 9, 'محتوى تعليمي للصف ثاني ثانوي - مادة رياضيات', 'link', 'https://youtu.be/Math', NULL, 1, '2026-01-01 18:22:41', '2026-01-01 18:22:41'),
(18, 2, 9, 'محتوى تعليمي للصف ثاني ثانوي - مادة فيزياء', 'link', 'https://youtu.be/Physics', NULL, 2, '2026-01-01 18:22:41', '2026-01-01 18:22:41'),
(19, 3, 9, 'محتوى تعليمي للصف ثاني ثانوي - مادة كيمياء', 'link', 'https://youtu.be/Chemistry', NULL, 3, '2026-01-01 18:22:41', '2026-01-01 18:22:41'),
(20, 4, 9, 'محتوى تعليمي للصف ثاني ثانوي - مادة أحياء', 'link', 'https://youtu.be/Biology', NULL, 4, '2026-01-01 18:22:41', '2026-01-01 18:22:41'),
(21, 9, 9, 'محتوى تعليمي للصف ثاني ثانوي - مادة تربية بدنية', 'link', 'https://youtu.be/PhysicalEducation', NULL, 9, '2026-01-01 18:22:41', '2026-01-01 18:22:41'),
(22, 10, 9, 'محتوى تعليمي للصف ثاني ثانوي - مادة فن', 'link', 'https://youtu.be/Art', NULL, 10, '2026-01-01 18:22:41', '2026-01-01 18:22:41'),
(23, 11, 9, 'محتوى تعليمي للصف ثاني ثانوي - مادة موسيقى', 'link', 'https://youtu.be/Music', NULL, 11, '2026-01-01 18:22:41', '2026-01-01 18:22:41'),
(24, 12, 9, 'محتوى تعليمي للصف ثاني ثانوي - مادة علوم حاسوب', 'link', 'https://youtu.be/ComputerScience', NULL, 12, '2026-01-01 18:22:41', '2026-01-01 18:22:41'),
(25, 5, 10, 'محتوى تعليمي للصف ثاني ثانوي - مادة الأدب العربي', 'link', 'https://youtu.be/ArabicLiterature', NULL, 5, '2026-01-01 18:22:41', '2026-01-01 18:22:41'),
(26, 6, 10, 'محتوى تعليمي للصف ثاني ثانوي - مادة تاريخ', 'link', 'https://youtu.be/History', NULL, 6, '2026-01-01 18:22:41', '2026-01-01 18:22:41'),
(27, 7, 10, 'محتوى تعليمي للصف ثاني ثانوي - مادة فلسفة', 'link', 'https://youtu.be/Philosophy', NULL, 7, '2026-01-01 18:22:41', '2026-01-01 18:22:41'),
(28, 8, 10, 'محتوى تعليمي للصف ثاني ثانوي - مادة جغرافيا', 'link', 'https://youtu.be/Geography', NULL, 8, '2026-01-01 18:22:41', '2026-01-01 18:22:41'),
(29, 9, 10, 'محتوى تعليمي للصف ثاني ثانوي - مادة تربية بدنية', 'link', 'https://youtu.be/PhysicalEducation', NULL, 9, '2026-01-01 18:22:41', '2026-01-01 18:22:41'),
(30, 10, 10, 'محتوى تعليمي للصف ثاني ثانوي - مادة فن', 'link', 'https://youtu.be/Art', NULL, 10, '2026-01-01 18:22:41', '2026-01-01 18:22:41'),
(31, 11, 10, 'محتوى تعليمي للصف ثاني ثانوي - مادة موسيقى', 'link', 'https://youtu.be/Music', NULL, 11, '2026-01-01 18:22:41', '2026-01-01 18:22:41'),
(32, 12, 10, 'محتوى تعليمي للصف ثاني ثانوي - مادة علوم حاسوب', 'link', 'https://youtu.be/ComputerScience', NULL, 12, '2026-01-01 18:22:41', '2026-01-01 18:22:41'),
(33, 1, 11, 'محتوى تعليمي للصف ثالث ثانوي - مادة رياضيات', 'link', 'https://youtu.be/Math', NULL, 1, '2026-01-01 18:22:41', '2026-01-01 18:22:41'),
(34, 2, 11, 'محتوى تعليمي للصف ثالث ثانوي - مادة فيزياء', 'link', 'https://youtu.be/Physics', NULL, 2, '2026-01-01 18:22:41', '2026-01-01 18:22:41'),
(35, 3, 11, 'محتوى تعليمي للصف ثالث ثانوي - مادة كيمياء', 'link', 'https://youtu.be/Chemistry', NULL, 3, '2026-01-01 18:22:41', '2026-01-01 18:22:41'),
(36, 4, 11, 'محتوى تعليمي للصف ثالث ثانوي - مادة أحياء', 'link', 'https://youtu.be/Biology', NULL, 4, '2026-01-01 18:22:41', '2026-01-01 18:22:41'),
(37, 9, 11, 'محتوى تعليمي للصف ثالث ثانوي - مادة تربية بدنية', 'link', 'https://youtu.be/PhysicalEducation', NULL, 9, '2026-01-01 18:22:41', '2026-01-01 18:22:41'),
(38, 10, 11, 'محتوى تعليمي للصف ثالث ثانوي - مادة فن', 'link', 'https://youtu.be/Art', NULL, 10, '2026-01-01 18:22:41', '2026-01-01 18:22:41'),
(39, 11, 11, 'محتوى تعليمي للصف ثالث ثانوي - مادة موسيقى', 'link', 'https://youtu.be/Music', NULL, 11, '2026-01-01 18:22:41', '2026-01-01 18:22:41'),
(40, 12, 11, 'محتوى تعليمي للصف ثالث ثانوي - مادة علوم حاسوب', 'link', 'https://youtu.be/ComputerScience', NULL, 12, '2026-01-01 18:22:41', '2026-01-01 18:22:41'),
(41, 5, 12, 'محتوى تعليمي للصف ثالث ثانوي - مادة الأدب العربي', 'link', 'https://youtu.be/ArabicLiterature', NULL, 5, '2026-01-01 18:22:41', '2026-01-01 18:22:41'),
(42, 6, 12, 'محتوى تعليمي للصف ثالث ثانوي - مادة تاريخ', 'link', 'https://youtu.be/History', NULL, 6, '2026-01-01 18:22:41', '2026-01-01 18:22:41'),
(43, 7, 12, 'محتوى تعليمي للصف ثالث ثانوي - مادة فلسفة', 'link', 'https://youtu.be/Philosophy', NULL, 7, '2026-01-01 18:22:41', '2026-01-01 18:22:41'),
(44, 8, 12, 'محتوى تعليمي للصف ثالث ثانوي - مادة جغرافيا', 'link', 'https://youtu.be/Geography', NULL, 8, '2026-01-01 18:22:41', '2026-01-01 18:22:41'),
(45, 9, 12, 'محتوى تعليمي للصف ثالث ثانوي - مادة تربية بدنية', 'link', 'https://youtu.be/PhysicalEducation', NULL, 9, '2026-01-01 18:22:41', '2026-01-01 18:22:41'),
(46, 10, 12, 'محتوى تعليمي للصف ثالث ثانوي - مادة فن', 'link', 'https://youtu.be/Art', NULL, 10, '2026-01-01 18:22:41', '2026-01-01 18:22:41'),
(47, 11, 12, 'محتوى تعليمي للصف ثالث ثانوي - مادة موسيقى', 'link', 'https://youtu.be/Music', NULL, 11, '2026-01-01 18:22:41', '2026-01-01 18:22:41'),
(48, 12, 12, 'محتوى تعليمي للصف ثالث ثانوي - مادة علوم حاسوب', 'link', 'https://youtu.be/ComputerScience', NULL, 12, '2026-01-01 18:22:41', '2026-01-01 18:22:41');

-- --------------------------------------------------------

--
-- بنية الجدول `students`
--

CREATE TABLE `students` (
  `student_id` int(11) NOT NULL,
  `full_name` varchar(200) DEFAULT NULL,
  `mother_name` varchar(200) DEFAULT NULL,
  `birth_date` date DEFAULT NULL,
  `gender` varchar(20) DEFAULT NULL,
  `nationality` varchar(100) DEFAULT NULL,
  `student_phone_number` varchar(50) DEFAULT NULL,
  `father_phone_number` varchar(50) DEFAULT NULL,
  `mother_phone_number` varchar(50) DEFAULT NULL,
  `class_id` int(11) DEFAULT NULL,
  `section_type` varchar(50) DEFAULT NULL,
  `notes` text DEFAULT NULL
) ENGINE=InnoDB DEFAULT CHARSET=utf8mb4 COLLATE=utf8mb4_general_ci;

--
-- إرجاع أو استيراد بيانات الجدول `students`
--

INSERT INTO `students` (`student_id`, `full_name`, `mother_name`, `birth_date`, `gender`, `nationality`, `student_phone_number`, `father_phone_number`, `mother_phone_number`, `class_id`, `section_type`, `notes`) VALUES
(5, 'علي أحمد', 'فاطمة', '2008-03-15', 'ذكر', 'سورية', '0502000001', '0502100001', '0502200001', 7, 'علمية', NULL),
(6, 'نور حسن', 'سلمى', '2008-07-22', 'أنثى', 'سورية', '0502000002', '0502100002', '0502200002', 7, 'علمية', ''),
(7, 'يوسف خالد', 'منى', '2008-01-12', 'ذكر', 'سورية', '0502000003', '0502100003', '0502200003', 8, 'أدبية', ''),
(8, 'ليلى سامي', 'نجوى', '2008-05-10', 'أنثى', 'سورية', '0502000004', '0502100004', '0502200004', 8, 'أدبية', ''),
(9, 'محمود علي', 'هدى', '2007-06-08', 'ذكر', 'سورية', '0502000005', '0502100005', '0502200005', 9, 'علمية', ''),
(10, 'سارة عبد الله', 'سلمى', '2007-09-30', 'أنثى', 'سورية', '0502000006', '0502100006', '0502200006', 9, 'علمية', ''),
(11, 'فادي عادل', 'نور', '2007-12-22', 'ذكر', 'سورية', '0502000007', '0502100007', '0502200007', 10, 'أدبية', ''),
(12, 'نورا طارق', 'سحر', '2007-05-18', 'أنثى', 'سورية', '0502000008', '0502100008', '0502200008', 10, 'أدبية', ''),
(13, 'أيمن محمود', 'سهى', '2006-08-14', 'ذكر', 'سورية', '0502000009', '0502100009', '0502200009', 11, 'علمية', ''),
(14, 'منى سعيد', 'عفاف', '2006-03-21', 'أنثى', 'سورية', '0502000010', '0502100010', '0502200010', 11, 'علمية', ''),
(15, 'عمر سامي', 'هدى', '2006-10-11', 'ذكر', 'سورية', '0502000011', '0502100011', '0502200011', 12, 'أدبية', ''),
(16, 'ليان يوسف', 'منى', '2006-04-05', 'أنثى', 'سورية', '0502000012', '0502100012', '0502200012', 12, 'أدبية', ''),
(17, 'ربا أحمد نصار', 'أروى', '2222-02-02', 'أنثى', 'سورية', '0930174786', '0925876753', '0932451243', 7, 'علمية', '-'),
(18, 'محمد أحمد البشير', 'مها', '2222-02-02', 'ذكر', 'سورية', '0930174786', '0938714562', '0932451243', 7, 'علمية', '-'),
(19, 'كريم صالح', 'نجلاء', '2008-04-10', 'ذكر', 'سورية', '0502000013', '0502100013', '0502200013', 7, 'علمية', '-'),
(20, 'سارة محمود', 'هالة', '2008-05-20', 'أنثى', 'سورية', '0502000014', '0502100014', '0502200014', 7, 'علمية', '-'),
(21, 'مازن يوسف', 'ندى', '2008-06-15', 'ذكر', 'سورية', '0502000015', '0502100015', '0502200015', 7, 'علمية', '-'),
(22, 'ريم خالد', 'سمية', '2008-07-01', 'أنثى', 'سورية', '0502000016', '0502100016', '0502200016', 7, 'علمية', '-'),
(23, 'يوسف عادل', 'هدى', '2008-03-22', 'ذكر', 'سورية', '0502000017', '0502100017', '0502200017', 7, 'علمية', '-'),
(24, 'ليلى سامي', 'نجوى', '2008-02-14', 'أنثى', 'سورية', '0502000018', '0502100018', '0502200018', 7, 'علمية', '-'),
(25, 'رامي مصطفى', 'منى', '2008-08-10', 'ذكر', 'سورية', '0502000019', '0502100019', '0502200019', 7, 'علمية', '-'),
(26, 'نور أحمد', 'سلمى', '2008-01-25', 'أنثى', 'سورية', '0502000020', '0502100020', '0502200020', 7, 'علمية', '-'),
(27, 'أنس سعيد', 'سهى', '2008-09-05', 'ذكر', 'سورية', '0502000021', '0502100021', '0502200021', 7, 'علمية', '-'),
(28, 'جنى حسن', 'أروى', '2008-06-30', 'أنثى', 'سورية', '0502000022', '0502100022', '0502200022', 7, 'علمية', '-'),
(29, 'ليان عبد الله', 'هدى', '2008-03-12', 'أنثى', 'سورية', '0502000023', '0502100023', '0502200023', 8, 'أدبية', '-'),
(30, 'رامي خالد', 'منى', '2008-04-18', 'ذكر', 'سورية', '0502000024', '0502100024', '0502200024', 8, 'أدبية', '-'),
(31, 'نور سامي', 'سمية', '2008-05-25', 'أنثى', 'سورية', '0502000025', '0502100025', '0502200025', 8, 'أدبية', '-'),
(32, 'يوسف محمود', 'هالة', '2008-06-10', 'ذكر', 'سورية', '0502000026', '0502100026', '0502200026', 8, 'أدبية', '-'),
(33, 'جنى أحمد', 'نجوى', '2008-07-05', 'أنثى', 'سورية', '0502000027', '0502100027', '0502200027', 8, 'أدبية', '-'),
(34, 'مازن سعيد', 'منى', '2008-01-20', 'ذكر', 'سورية', '0502000028', '0502100028', '0502200028', 8, 'أدبية', '-'),
(35, 'ليلى محمود', 'هدى', '2008-08-12', 'أنثى', 'سورية', '0502000029', '0502100029', '0502200029', 8, 'أدبية', '-'),
(36, 'عمر عبد الله', 'سهى', '2008-02-28', 'ذكر', 'سورية', '0502000030', '0502100030', '0502200030', 8, 'أدبية', '-'),
(37, 'نور خالد', 'أروى', '2008-09-10', 'أنثى', 'سورية', '0502000031', '0502100031', '0502200031', 8, 'أدبية', '-'),
(38, 'رامي يوسف', 'سلمى', '2008-06-22', 'ذكر', 'سورية', '0502000032', '0502100032', '0502200032', 8, 'أدبية', '-'),
(39, 'كريم طارق', 'ندى', '2007-03-15', 'ذكر', 'سورية', '0502000033', '0502100033', '0502200033', 9, 'علمية', '-'),
(40, 'ليان محمود', 'هالة', '2007-04-20', 'أنثى', 'سورية', '0502000034', '0502100034', '0502200034', 9, 'علمية', '-'),
(41, 'يوسف سامي', 'سمية', '2007-05-10', 'ذكر', 'سورية', '0502000035', '0502100035', '0502200035', 9, 'علمية', '-'),
(42, 'سارة خالد', 'هدى', '2007-06-12', 'أنثى', 'سورية', '0502000036', '0502100036', '0502200036', 9, 'علمية', '-'),
(43, 'مازن عبد الله', 'منى', '2007-07-22', 'ذكر', 'سورية', '0502000037', '0502100037', '0502200037', 9, 'علمية', '-'),
(44, 'جنى أحمد', 'أروى', '2007-01-30', 'أنثى', 'سورية', '0502000038', '0502100038', '0502200038', 9, 'علمية', '-'),
(45, 'رامي خالد', 'سلمى', '2007-02-18', 'ذكر', 'سورية', '0502000039', '0502100039', '0502200039', 9, 'علمية', '-'),
(46, 'نور سامي', 'هدى', '2007-08-25', 'أنثى', 'سورية', '0502000040', '0502100040', '0502200040', 9, 'علمية', '-'),
(47, 'أنس محمود', 'منى', '2007-09-12', 'ذكر', 'سورية', '0502000041', '0502100041', '0502200041', 9, 'علمية', '-'),
(48, 'ليلى يوسف', 'سلمى', '2007-06-05', 'أنثى', 'سورية', '0502000042', '0502100042', '0502200042', 9, 'علمية', '-'),
(49, 'نور عبد الله', 'سلمى', '2007-03-10', 'أنثى', 'سورية', '0502000043', '0502100043', '0502200043', 10, 'أدبية', '-'),
(50, 'يوسف طارق', 'منى', '2007-04-25', 'ذكر', 'سورية', '0502000044', '0502100044', '0502200044', 10, 'أدبية', '-'),
(51, 'ليان سامي', 'هدى', '2007-05-18', 'أنثى', 'سورية', '0502000045', '0502100045', '0502200045', 10, 'أدبية', '-'),
(52, 'رامي محمود', 'أروى', '2007-06-20', 'ذكر', 'سورية', '0502000046', '0502100046', '0502200046', 10, 'أدبية', '-'),
(53, 'جنى يوسف', 'سلمى', '2007-07-15', 'أنثى', 'سورية', '0502000047', '0502100047', '0502200047', 10, 'أدبية', '-'),
(54, 'مازن خالد', 'منى', '2007-01-28', 'ذكر', 'سورية', '0502000048', '0502100048', '0502200048', 10, 'أدبية', '-'),
(55, 'سارة عبد الله', 'هدى', '2007-02-12', 'أنثى', 'سورية', '0502000049', '0502100049', '0502200049', 10, 'أدبية', '-'),
(56, 'أنس محمود', 'أروى', '2007-08-05', 'ذكر', 'سورية', '0502000050', '0502100050', '0502200050', 10, 'أدبية', '-'),
(57, 'ليلى طارق', 'سلمى', '2007-09-08', 'أنثى', 'سورية', '0502000051', '0502100051', '0502200051', 10, 'أدبية', '-'),
(58, 'مازن يوسف', 'منى', '2007-06-18', 'ذكر', 'سورية', '0502000052', '0502100052', '0502200052', 10, 'أدبية', '-'),
(59, 'كريم محمود', 'هدى', '2006-03-10', 'ذكر', 'سورية', '0502000053', '0502100053', '0502200053', 11, 'علمية', '-'),
(60, 'ليان خالد', 'منى', '2006-04-18', 'أنثى', 'سورية', '0502000054', '0502100054', '0502200054', 11, 'علمية', '-'),
(61, 'يوسف عبد الله', 'سلمى', '2006-05-15', 'ذكر', 'سورية', '0502000055', '0502100055', '0502200055', 11, 'علمية', '-'),
(62, 'سارة محمود', 'أروى', '2006-06-10', 'أنثى', 'سورية', '0502000056', '0502100056', '0502200056', 11, 'علمية', '-'),
(63, 'رامي يوسف', 'منى', '2006-07-20', 'ذكر', 'سورية', '0502000057', '0502100057', '0502200057', 11, 'علمية', '-'),
(64, 'جنى خالد', 'سلمى', '2006-01-30', 'أنثى', 'سورية', '0502000058', '0502100058', '0502200058', 11, 'علمية', '-'),
(65, 'مازن محمود', 'هدى', '2006-02-12', 'ذكر', 'سورية', '0502000059', '0502100059', '0502200059', 11, 'علمية', '-'),
(66, 'نور عبد الله', 'منى', '2006-08-05', 'أنثى', 'سورية', '0502000060', '0502100060', '0502200060', 11, 'علمية', '-'),
(67, 'أنس خالد', 'سلمى', '2006-09-08', 'ذكر', 'سورية', '0502000061', '0502100061', '0502200061', 11, 'علمية', '-'),
(68, 'ليلى محمود', 'هدى', '2006-06-18', 'أنثى', 'سورية', '0502000062', '0502100062', '0502200062', 11, 'علمية', '-'),
(69, 'نور طارق', 'سلمى', '2006-03-12', 'أنثى', 'سورية', '0502000063', '0502100063', '0502200063', 12, 'أدبية', '-'),
(70, 'يوسف سامي', 'منى', '2006-04-25', 'ذكر', 'سورية', '0502000064', '0502100064', '0502200064', 12, 'أدبية', '-'),
(71, 'ليان عبد الله', 'هدى', '2006-05-18', 'أنثى', 'سورية', '0502000065', '0502100065', '0502200065', 12, 'أدبية', '-'),
(72, 'رامي محمود', 'أروى', '2006-06-20', 'ذكر', 'سورية', '0502000066', '0502100066', '0502200066', 12, 'أدبية', '-'),
(73, 'جنى يوسف', 'سلمى', '2006-07-15', 'أنثى', 'سورية', '0502000067', '0502100067', '0502200067', 12, 'أدبية', '-'),
(74, 'مازن خالد', 'منى', '2006-01-28', 'ذكر', 'سورية', '0502000068', '0502100068', '0502200068', 12, 'أدبية', '-'),
(75, 'سارة عبد الله', 'هدى', '2006-02-12', 'أنثى', 'سورية', '0502000069', '0502100069', '0502200069', 12, 'أدبية', '-'),
(76, 'أنس محمود', 'أروى', '2006-08-05', 'ذكر', 'سورية', '0502000070', '0502100070', '0502200070', 12, 'أدبية', '-'),
(77, 'ليلى طارق', 'سلمى', '2006-09-08', 'أنثى', 'سورية', '0502000071', '0502100071', '0502200071', 12, 'أدبية', '-'),
(78, 'مازن يوسف', 'منى', '2006-06-18', 'ذكر', 'سورية', '0502000072', '0502100072', '0502200072', 12, 'أدبية', '-');

-- --------------------------------------------------------

--
-- بنية الجدول `subjects`
--

CREATE TABLE `subjects` (
  `subject_id` int(11) NOT NULL,
  `subject_name` varchar(255) DEFAULT NULL,
  `description` text DEFAULT NULL,
  `subject_type` varchar(100) DEFAULT NULL,
  `created_at` timestamp NULL DEFAULT NULL,
  `updated_at` timestamp NULL DEFAULT NULL
) ENGINE=InnoDB DEFAULT CHARSET=utf8mb4 COLLATE=utf8mb4_general_ci;

--
-- إرجاع أو استيراد بيانات الجدول `subjects`
--

INSERT INTO `subjects` (`subject_id`, `subject_name`, `description`, `subject_type`, `created_at`, `updated_at`) VALUES
(1, 'رياضيات', 'دراسة الأعداد والكميات والأشكال والأنماط', 'علمية', '2025-12-03 19:52:55', '2025-12-03 19:52:55'),
(2, 'فيزياء', 'دراسة المادة والحركة والطاقة والقوى', 'علمية', '2025-12-03 19:52:55', '2025-12-03 19:52:55'),
(3, 'كيمياء', 'دراسة المواد والتفاعلات الكيميائية', 'علمية', '2025-12-03 19:52:55', '2025-12-03 19:52:55'),
(4, 'أحياء', 'دراسة الكائنات الحية وعمليات الحياة', 'علمية', '2025-12-03 19:52:55', '2025-12-03 19:52:55'),
(5, 'الأدب العربي', 'دراسة اللغة العربية والأعمال الأدبية', 'أدبية', '2025-12-03 19:52:55', '2025-12-03 19:52:55'),
(6, 'تاريخ', 'دراسة الأحداث والحضارات الماضية', 'أدبية', '2025-12-03 19:52:55', '2025-12-03 19:52:55'),
(7, 'فلسفة', 'دراسة الأسئلة الأساسية حول الوجود والمعرفة', 'أدبية', '2025-12-03 19:52:55', '2025-12-03 19:52:55'),
(8, 'جغرافيا', 'دراسة الأرض وخصائصها وسكانها', 'أدبية', '2025-12-03 19:52:55', '2025-12-03 19:52:55'),
(9, 'تربية بدنية', 'أنشطة لتطوير اللياقة والرياضة', 'عامة', '2025-12-03 19:52:55', '2025-12-03 19:52:55'),
(10, 'فن', 'دراسة وممارسة الفنون البصرية والأدائية', 'عامة', '2025-12-03 19:52:55', '2025-12-03 19:52:55'),
(11, 'موسيقى', 'دراسة وممارسة الموسيقى والآلات الموسيقية', 'عامة', '2025-12-03 19:52:55', '2025-12-03 19:52:55'),
(12, 'علوم حاسوب', 'مقدمة للحواسيب والبرمجة ومهارات تقنية المعلومات', 'عامة', '2025-12-03 19:52:55', '2025-12-03 19:52:55');

-- --------------------------------------------------------

--
-- بنية الجدول `teachers`
--

CREATE TABLE `teachers` (
  `teacher_id` int(11) NOT NULL,
  `full_name` varchar(200) DEFAULT NULL,
  `mother_name` varchar(200) DEFAULT NULL,
  `birth_date` date DEFAULT NULL,
  `gender` varchar(20) DEFAULT NULL,
  `nationality` varchar(100) DEFAULT NULL,
  `address` varchar(255) DEFAULT NULL,
  `phone` varchar(50) DEFAULT NULL,
  `email` varchar(150) DEFAULT NULL,
  `notes` text DEFAULT NULL
) ENGINE=InnoDB DEFAULT CHARSET=utf8mb4 COLLATE=utf8mb4_general_ci;

--
-- إرجاع أو استيراد بيانات الجدول `teachers`
--

INSERT INTO `teachers` (`teacher_id`, `full_name`, `mother_name`, `birth_date`, `gender`, `nationality`, `address`, `phone`, `email`, `notes`) VALUES
(1, 'أحمد علي', 'فاطمة', '1980-03-15', 'ذكر', 'سوري', 'دمشق', '0501000001', 'ahmad.ali@school.com', 'مدرس رياضيات'),
(2, 'سارة محمد', 'ليلى', '1982-07-20', 'أنثى', 'سورية', 'حمص', '0501000002', 'sara.mohamed@school.com', 'مدرسة فيزياء'),
(3, 'خالد يوسف', 'منى', '1978-11-05', 'ذكر', 'سوري', 'حلب', '0501000003', 'khaled.youssef@school.com', 'مدرس كيمياء'),
(4, 'ريم سامي', 'نجوى', '1985-01-12', 'أنثى', 'سورية', 'دمشق', '0501000004', 'reem.sami@school.com', 'مدرسة أحياء'),
(5, 'محمود حسن', 'هدى', '1975-06-08', 'ذكر', 'سوري', 'حمص', '0501000005', 'mahmoud.hassan@school.com', 'مدرس تاريخ'),
(6, 'ليلى عبد الله', 'سلمى', '1983-09-30', 'أنثى', 'سورية', 'دمشق', '0501000006', 'leila.abdullah@school.com', 'مدرسة فلسفة'),
(7, 'فادي عادل', 'نور', '1981-12-22', 'ذكر', 'سوري', 'حلب', '0501000007', 'fadi.adel@school.com', 'مدرس جغرافيا'),
(8, 'نورا طارق', 'سحر', '1984-05-18', 'أنثى', 'سورية', 'دمشق', '0501000008', 'noura.tariq@school.com', 'مدرسة أدب عربي'),
(9, 'أيمن محمود', 'سهى', '1979-08-14', 'ذكر', 'سوري', 'دمشق', '0501000009', 'ayman.mahmoud@school.com', 'مدرس تربية بدنية'),
(10, 'منى سعيد', 'عفاف', '1986-03-21', 'أنثى', 'سورية', 'حلب', '0501000010', 'mona.saeed@school.com', 'مدرسة فنون'),
(11, 'عمر سامي', 'هدى', '1982-10-11', 'ذكر', 'سوري', 'دمشق', '0501000011', 'omar.sami@school.com', 'مدرس موسيقى'),
(12, 'ليان يوسف', 'منى', '1987-04-05', 'أنثى', 'سورية', 'حلب', '0501000012', 'lian.youssef@school.com', 'مدرسة علوم حاسوب');

-- --------------------------------------------------------

--
-- بنية الجدول `timetables`
--

CREATE TABLE `timetables` (
  `id` int(11) NOT NULL,
  `day` varchar(20) DEFAULT NULL,
  `period` int(11) DEFAULT NULL,
  `time_from` time DEFAULT NULL,
  `time_to` time DEFAULT NULL,
  `class_id` int(11) DEFAULT NULL,
  `subject_id` int(11) DEFAULT NULL,
  `teacher_id` int(11) DEFAULT NULL,
  `room` varchar(50) DEFAULT NULL,
  `created_at` timestamp NULL DEFAULT NULL,
  `updated_at` timestamp NULL DEFAULT NULL,
  `deleted_at` timestamp NULL DEFAULT NULL
) ENGINE=InnoDB DEFAULT CHARSET=utf8mb4 COLLATE=utf8mb4_general_ci;

--
-- إرجاع أو استيراد بيانات الجدول `timetables`
--

INSERT INTO `timetables` (`id`, `day`, `period`, `time_from`, `time_to`, `class_id`, `subject_id`, `teacher_id`, `room`, `created_at`, `updated_at`, `deleted_at`) VALUES
(1, 'الأحد', 1, '08:00:00', '08:40:00', 7, 1, 1, '12', '2026-01-01 18:35:55', '2026-01-01 18:35:55', NULL),
(2, 'الأحد', 2, '08:40:00', '09:20:00', 7, 2, 2, '18', '2026-01-01 18:35:55', '2026-01-01 18:35:55', NULL),
(3, 'الأحد', 3, '09:20:00', '10:00:00', 7, 3, 3, '10', '2026-01-01 18:35:55', '2026-01-01 18:35:55', NULL),
(4, 'الأحد', 4, '10:00:00', '10:40:00', 7, 4, 4, '1', '2026-01-01 18:35:55', '2026-01-01 18:35:55', NULL),
(5, 'الأحد', 5, '10:40:00', '11:20:00', 7, 9, 9, '13', '2026-01-01 18:35:55', '2026-01-01 18:35:55', NULL),
(6, 'الأحد', 6, '11:20:00', '12:00:00', 7, 10, 10, '3', '2026-01-01 18:35:55', '2026-01-01 18:35:55', NULL),
(7, 'الأحد', 7, '12:00:00', '12:40:00', 7, 11, 11, '12', '2026-01-01 18:35:55', '2026-01-01 18:35:55', NULL),
(8, 'الأحد', 8, '12:40:00', '13:20:00', 7, 12, 12, '15', '2026-01-01 18:35:55', '2026-01-01 18:35:55', NULL),
(9, 'الاثنين', 1, '08:00:00', '08:40:00', 7, 1, 1, '20', '2026-01-01 18:35:55', '2026-01-01 18:35:55', NULL),
(10, 'الاثنين', 2, '08:40:00', '09:20:00', 7, 2, 2, '12', '2026-01-01 18:35:55', '2026-01-01 18:35:55', NULL),
(11, 'الاثنين', 3, '09:20:00', '10:00:00', 7, 3, 3, '10', '2026-01-01 18:35:55', '2026-01-01 18:35:55', NULL),
(12, 'الاثنين', 4, '10:00:00', '10:40:00', 7, 4, 4, '19', '2026-01-01 18:35:55', '2026-01-01 18:35:55', NULL),
(13, 'الاثنين', 5, '10:40:00', '11:20:00', 7, 9, 9, '2', '2026-01-01 18:35:55', '2026-01-01 18:35:55', NULL),
(14, 'الاثنين', 6, '11:20:00', '12:00:00', 7, 10, 10, '5', '2026-01-01 18:35:55', '2026-01-01 18:35:55', NULL),
(15, 'الاثنين', 7, '12:00:00', '12:40:00', 7, 11, 11, '10', '2026-01-01 18:35:55', '2026-01-01 18:35:55', NULL),
(16, 'الاثنين', 8, '12:40:00', '13:20:00', 7, 12, 12, '3', '2026-01-01 18:35:55', '2026-01-01 18:35:55', NULL),
(17, 'الثلاثاء', 1, '08:00:00', '08:40:00', 7, 1, 1, '17', '2026-01-01 18:35:55', '2026-01-01 18:35:55', NULL),
(18, 'الثلاثاء', 2, '08:40:00', '09:20:00', 7, 2, 2, '17', '2026-01-01 18:35:55', '2026-01-01 18:35:55', NULL),
(19, 'الثلاثاء', 3, '09:20:00', '10:00:00', 7, 3, 3, '15', '2026-01-01 18:35:55', '2026-01-01 18:35:55', NULL),
(20, 'الثلاثاء', 4, '10:00:00', '10:40:00', 7, 4, 4, '4', '2026-01-01 18:35:55', '2026-01-01 18:35:55', NULL),
(21, 'الثلاثاء', 5, '10:40:00', '11:20:00', 7, 9, 9, '2', '2026-01-01 18:35:55', '2026-01-01 18:35:55', NULL),
(22, 'الثلاثاء', 6, '11:20:00', '12:00:00', 7, 10, 10, '9', '2026-01-01 18:35:55', '2026-01-01 18:35:55', NULL),
(23, 'الثلاثاء', 7, '12:00:00', '12:40:00', 7, 11, 11, '5', '2026-01-01 18:35:55', '2026-01-01 18:35:55', NULL),
(24, 'الثلاثاء', 8, '12:40:00', '13:20:00', 7, 12, 12, '8', '2026-01-01 18:35:55', '2026-01-01 18:35:55', NULL),
(25, 'الأربعاء', 1, '08:00:00', '08:40:00', 7, 1, 1, '20', '2026-01-01 18:35:55', '2026-01-01 18:35:55', NULL),
(26, 'الأربعاء', 2, '08:40:00', '09:20:00', 7, 2, 2, '7', '2026-01-01 18:35:55', '2026-01-01 18:35:55', NULL),
(27, 'الأربعاء', 3, '09:20:00', '10:00:00', 7, 3, 3, '10', '2026-01-01 18:35:55', '2026-01-01 18:35:55', NULL),
(28, 'الأربعاء', 4, '10:00:00', '10:40:00', 7, 4, 4, '9', '2026-01-01 18:35:55', '2026-01-01 18:35:55', NULL),
(29, 'الأربعاء', 5, '10:40:00', '11:20:00', 7, 9, 9, '15', '2026-01-01 18:35:55', '2026-01-01 18:35:55', NULL),
(30, 'الأربعاء', 6, '11:20:00', '12:00:00', 7, 10, 10, '1', '2026-01-01 18:35:55', '2026-01-01 18:35:55', NULL),
(31, 'الأربعاء', 7, '12:00:00', '12:40:00', 7, 11, 11, '18', '2026-01-01 18:35:55', '2026-01-01 18:35:55', NULL),
(32, 'الأربعاء', 8, '12:40:00', '13:20:00', 7, 12, 12, '4', '2026-01-01 18:35:55', '2026-01-01 18:35:55', NULL),
(33, 'الخميس', 1, '08:00:00', '08:40:00', 7, 1, 1, '11', '2026-01-01 18:35:55', '2026-01-01 18:35:55', NULL),
(34, 'الخميس', 2, '08:40:00', '09:20:00', 7, 2, 2, '1', '2026-01-01 18:35:55', '2026-01-01 18:35:55', NULL),
(35, 'الخميس', 3, '09:20:00', '10:00:00', 7, 3, 3, '10', '2026-01-01 18:35:55', '2026-01-01 18:35:55', NULL),
(36, 'الخميس', 4, '10:00:00', '10:40:00', 7, 4, 4, '8', '2026-01-01 18:35:55', '2026-01-01 18:35:55', NULL),
(37, 'الخميس', 5, '10:40:00', '11:20:00', 7, 9, 9, '18', '2026-01-01 18:35:55', '2026-01-01 18:35:55', NULL),
(38, 'الخميس', 6, '11:20:00', '12:00:00', 7, 10, 10, '15', '2026-01-01 18:35:55', '2026-01-01 18:35:55', NULL),
(39, 'الخميس', 7, '12:00:00', '12:40:00', 7, 11, 11, '11', '2026-01-01 18:35:55', '2026-01-01 18:35:55', NULL),
(40, 'الخميس', 8, '12:40:00', '13:20:00', 7, 12, 12, '7', '2026-01-01 18:35:55', '2026-01-01 18:35:55', NULL),
(41, 'الأحد', 1, '08:00:00', '08:40:00', 8, 5, 5, '17', '2026-01-01 18:35:55', '2026-01-01 18:35:55', NULL),
(42, 'الأحد', 2, '08:40:00', '09:20:00', 8, 6, 6, '19', '2026-01-01 18:35:55', '2026-01-01 18:35:55', NULL),
(43, 'الأحد', 3, '09:20:00', '10:00:00', 8, 7, 7, '19', '2026-01-01 18:35:55', '2026-01-01 18:35:55', NULL),
(44, 'الأحد', 4, '10:00:00', '10:40:00', 8, 8, 8, '10', '2026-01-01 18:35:55', '2026-01-01 18:35:55', NULL),
(45, 'الأحد', 6, '11:20:00', '12:00:00', 8, 9, 9, '15', '2026-01-01 18:35:55', '2026-01-01 18:35:55', NULL),
(46, 'الأحد', 7, '12:00:00', '12:40:00', 8, 10, 10, '15', '2026-01-01 18:35:55', '2026-01-01 18:35:55', NULL),
(47, 'الأحد', 8, '12:40:00', '13:20:00', 8, 11, 11, '2', '2026-01-01 18:35:55', '2026-01-01 18:35:55', NULL),
(48, 'الأحد', 1, '08:00:00', '08:40:00', 8, 12, 12, '5', '2026-01-01 18:35:55', '2026-01-01 18:35:55', NULL),
(49, 'الاثنين', 1, '08:00:00', '08:40:00', 8, 5, 5, '14', '2026-01-01 18:35:55', '2026-01-01 18:35:55', NULL),
(50, 'الاثنين', 2, '08:40:00', '09:20:00', 8, 6, 6, '9', '2026-01-01 18:35:55', '2026-01-01 18:35:55', NULL),
(51, 'الاثنين', 3, '09:20:00', '10:00:00', 8, 7, 7, '20', '2026-01-01 18:35:55', '2026-01-01 18:35:55', NULL),
(52, 'الاثنين', 4, '10:00:00', '10:40:00', 8, 8, 8, '13', '2026-01-01 18:35:55', '2026-01-01 18:35:55', NULL),
(53, 'الاثنين', 6, '11:20:00', '12:00:00', 8, 9, 9, '19', '2026-01-01 18:35:55', '2026-01-01 18:35:55', NULL),
(54, 'الاثنين', 7, '12:00:00', '12:40:00', 8, 10, 10, '13', '2026-01-01 18:35:55', '2026-01-01 18:35:55', NULL),
(55, 'الاثنين', 8, '12:40:00', '13:20:00', 8, 11, 11, '14', '2026-01-01 18:35:55', '2026-01-01 18:35:55', NULL),
(56, 'الاثنين', 1, '08:00:00', '08:40:00', 8, 12, 12, '12', '2026-01-01 18:35:55', '2026-01-01 18:35:55', NULL),
(57, 'الثلاثاء', 1, '08:00:00', '08:40:00', 8, 5, 5, '4', '2026-01-01 18:35:55', '2026-01-01 18:35:55', NULL),
(58, 'الثلاثاء', 2, '08:40:00', '09:20:00', 8, 6, 6, '20', '2026-01-01 18:35:55', '2026-01-01 18:35:55', NULL),
(59, 'الثلاثاء', 3, '09:20:00', '10:00:00', 8, 7, 7, '15', '2026-01-01 18:35:55', '2026-01-01 18:35:55', NULL),
(60, 'الثلاثاء', 4, '10:00:00', '10:40:00', 8, 8, 8, '10', '2026-01-01 18:35:55', '2026-01-01 18:35:55', NULL),
(61, 'الثلاثاء', 6, '11:20:00', '12:00:00', 8, 9, 9, '5', '2026-01-01 18:35:55', '2026-01-01 18:35:55', NULL),
(62, 'الثلاثاء', 7, '12:00:00', '12:40:00', 8, 10, 10, '20', '2026-01-01 18:35:55', '2026-01-01 18:35:55', NULL),
(63, 'الثلاثاء', 8, '12:40:00', '13:20:00', 8, 11, 11, '9', '2026-01-01 18:35:55', '2026-01-01 18:35:55', NULL),
(64, 'الثلاثاء', 1, '08:00:00', '08:40:00', 8, 12, 12, '4', '2026-01-01 18:35:55', '2026-01-01 18:35:55', NULL),
(65, 'الأربعاء', 1, '08:00:00', '08:40:00', 8, 5, 5, '9', '2026-01-01 18:35:55', '2026-01-01 18:35:55', NULL),
(66, 'الأربعاء', 2, '08:40:00', '09:20:00', 8, 6, 6, '6', '2026-01-01 18:35:55', '2026-01-01 18:35:55', NULL),
(67, 'الأربعاء', 3, '09:20:00', '10:00:00', 8, 7, 7, '11', '2026-01-01 18:35:55', '2026-01-01 18:35:55', NULL),
(68, 'الأربعاء', 4, '10:00:00', '10:40:00', 8, 8, 8, '2', '2026-01-01 18:35:55', '2026-01-01 18:35:55', NULL),
(69, 'الأربعاء', 6, '11:20:00', '12:00:00', 8, 9, 9, '18', '2026-01-01 18:35:55', '2026-01-01 18:35:55', NULL),
(70, 'الأربعاء', 7, '12:00:00', '12:40:00', 8, 10, 10, '19', '2026-01-01 18:35:55', '2026-01-01 18:35:55', NULL),
(71, 'الأربعاء', 8, '12:40:00', '13:20:00', 8, 11, 11, '5', '2026-01-01 18:35:55', '2026-01-01 18:35:55', NULL),
(72, 'الأربعاء', 1, '08:00:00', '08:40:00', 8, 12, 12, '20', '2026-01-01 18:35:55', '2026-01-01 18:35:55', NULL),
(73, 'الخميس', 1, '08:00:00', '08:40:00', 8, 5, 5, '19', '2026-01-01 18:35:55', '2026-01-01 18:35:55', NULL),
(74, 'الخميس', 2, '08:40:00', '09:20:00', 8, 6, 6, '11', '2026-01-01 18:35:55', '2026-01-01 18:35:55', NULL),
(75, 'الخميس', 3, '09:20:00', '10:00:00', 8, 7, 7, '6', '2026-01-01 18:35:55', '2026-01-01 18:35:55', NULL),
(76, 'الخميس', 4, '10:00:00', '10:40:00', 8, 8, 8, '19', '2026-01-01 18:35:55', '2026-01-01 18:35:55', NULL),
(77, 'الخميس', 6, '11:20:00', '12:00:00', 8, 9, 9, '19', '2026-01-01 18:35:55', '2026-01-01 18:35:55', NULL),
(78, 'الخميس', 7, '12:00:00', '12:40:00', 8, 10, 10, '16', '2026-01-01 18:35:55', '2026-01-01 18:35:55', NULL),
(79, 'الخميس', 8, '12:40:00', '13:20:00', 8, 11, 11, '12', '2026-01-01 18:35:55', '2026-01-01 18:35:55', NULL),
(80, 'الخميس', 1, '08:00:00', '08:40:00', 8, 12, 12, '2', '2026-01-01 18:35:55', '2026-01-01 18:35:55', NULL),
(81, 'الأحد', 2, '08:40:00', '09:20:00', 9, 1, 1, '3', '2026-01-01 18:35:55', '2026-01-01 18:35:55', NULL),
(82, 'الأحد', 3, '09:20:00', '10:00:00', 9, 2, 2, '12', '2026-01-01 18:35:55', '2026-01-01 18:35:55', NULL),
(83, 'الأحد', 4, '10:00:00', '10:40:00', 9, 3, 3, '18', '2026-01-01 18:35:55', '2026-01-01 18:35:55', NULL),
(84, 'الأحد', 5, '10:40:00', '11:20:00', 9, 4, 4, '14', '2026-01-01 18:35:55', '2026-01-01 18:35:55', NULL),
(85, 'الأحد', 7, '12:00:00', '12:40:00', 9, 9, 9, '20', '2026-01-01 18:35:55', '2026-01-01 18:35:55', NULL),
(86, 'الأحد', 8, '12:40:00', '13:20:00', 9, 10, 10, '3', '2026-01-01 18:35:55', '2026-01-01 18:35:55', NULL),
(87, 'الأحد', 1, '08:00:00', '08:40:00', 9, 11, 11, '10', '2026-01-01 18:35:55', '2026-01-01 18:35:55', NULL),
(88, 'الأحد', 2, '08:40:00', '09:20:00', 9, 12, 12, '19', '2026-01-01 18:35:55', '2026-01-01 18:35:55', NULL),
(89, 'الاثنين', 2, '08:40:00', '09:20:00', 9, 1, 1, '19', '2026-01-01 18:35:55', '2026-01-01 18:35:55', NULL),
(90, 'الاثنين', 3, '09:20:00', '10:00:00', 9, 2, 2, '10', '2026-01-01 18:35:55', '2026-01-01 18:35:55', NULL),
(91, 'الاثنين', 4, '10:00:00', '10:40:00', 9, 3, 3, '13', '2026-01-01 18:35:55', '2026-01-01 18:35:55', NULL),
(92, 'الاثنين', 5, '10:40:00', '11:20:00', 9, 4, 4, '14', '2026-01-01 18:35:55', '2026-01-01 18:35:55', NULL),
(93, 'الاثنين', 7, '12:00:00', '12:40:00', 9, 9, 9, '16', '2026-01-01 18:35:55', '2026-01-01 18:35:55', NULL),
(94, 'الاثنين', 8, '12:40:00', '13:20:00', 9, 10, 10, '14', '2026-01-01 18:35:55', '2026-01-01 18:35:55', NULL),
(95, 'الاثنين', 1, '08:00:00', '08:40:00', 9, 11, 11, '4', '2026-01-01 18:35:55', '2026-01-01 18:35:55', NULL),
(96, 'الاثنين', 2, '08:40:00', '09:20:00', 9, 12, 12, '11', '2026-01-01 18:35:55', '2026-01-01 18:35:55', NULL),
(97, 'الثلاثاء', 2, '08:40:00', '09:20:00', 9, 1, 1, '1', '2026-01-01 18:35:55', '2026-01-01 18:35:55', NULL),
(98, 'الثلاثاء', 3, '09:20:00', '10:00:00', 9, 2, 2, '8', '2026-01-01 18:35:55', '2026-01-01 18:35:55', NULL),
(99, 'الثلاثاء', 4, '10:00:00', '10:40:00', 9, 3, 3, '2', '2026-01-01 18:35:55', '2026-01-01 18:35:55', NULL),
(100, 'الثلاثاء', 5, '10:40:00', '11:20:00', 9, 4, 4, '1', '2026-01-01 18:35:55', '2026-01-01 18:35:55', NULL),
(101, 'الثلاثاء', 7, '12:00:00', '12:40:00', 9, 9, 9, '1', '2026-01-01 18:35:55', '2026-01-01 18:35:55', NULL),
(102, 'الثلاثاء', 8, '12:40:00', '13:20:00', 9, 10, 10, '7', '2026-01-01 18:35:55', '2026-01-01 18:35:55', NULL),
(103, 'الثلاثاء', 1, '08:00:00', '08:40:00', 9, 11, 11, '9', '2026-01-01 18:35:55', '2026-01-01 18:35:55', NULL),
(104, 'الثلاثاء', 2, '08:40:00', '09:20:00', 9, 12, 12, '17', '2026-01-01 18:35:55', '2026-01-01 18:35:55', NULL),
(105, 'الأربعاء', 2, '08:40:00', '09:20:00', 9, 1, 1, '13', '2026-01-01 18:35:55', '2026-01-01 18:35:55', NULL),
(106, 'الأربعاء', 3, '09:20:00', '10:00:00', 9, 2, 2, '8', '2026-01-01 18:35:55', '2026-01-01 18:35:55', NULL),
(107, 'الأربعاء', 4, '10:00:00', '10:40:00', 9, 3, 3, '16', '2026-01-01 18:35:55', '2026-01-01 18:35:55', NULL),
(108, 'الأربعاء', 5, '10:40:00', '11:20:00', 9, 4, 4, '1', '2026-01-01 18:35:55', '2026-01-01 18:35:55', NULL),
(109, 'الأربعاء', 7, '12:00:00', '12:40:00', 9, 9, 9, '3', '2026-01-01 18:35:55', '2026-01-01 18:35:55', NULL),
(110, 'الأربعاء', 8, '12:40:00', '13:20:00', 9, 10, 10, '7', '2026-01-01 18:35:55', '2026-01-01 18:35:55', NULL),
(111, 'الأربعاء', 1, '08:00:00', '08:40:00', 9, 11, 11, '20', '2026-01-01 18:35:55', '2026-01-01 18:35:55', NULL),
(112, 'الأربعاء', 2, '08:40:00', '09:20:00', 9, 12, 12, '20', '2026-01-01 18:35:55', '2026-01-01 18:35:55', NULL),
(113, 'الخميس', 2, '08:40:00', '09:20:00', 9, 1, 1, '3', '2026-01-01 18:35:55', '2026-01-01 18:35:55', NULL),
(114, 'الخميس', 3, '09:20:00', '10:00:00', 9, 2, 2, '19', '2026-01-01 18:35:55', '2026-01-01 18:35:55', NULL),
(115, 'الخميس', 4, '10:00:00', '10:40:00', 9, 3, 3, '2', '2026-01-01 18:35:55', '2026-01-01 18:35:55', NULL),
(116, 'الخميس', 5, '10:40:00', '11:20:00', 9, 4, 4, '7', '2026-01-01 18:35:55', '2026-01-01 18:35:55', NULL),
(117, 'الخميس', 7, '12:00:00', '12:40:00', 9, 9, 9, '4', '2026-01-01 18:35:55', '2026-01-01 18:35:55', NULL),
(118, 'الخميس', 8, '12:40:00', '13:20:00', 9, 10, 10, '8', '2026-01-01 18:35:55', '2026-01-01 18:35:55', NULL),
(119, 'الخميس', 1, '08:00:00', '08:40:00', 9, 11, 11, '17', '2026-01-01 18:35:55', '2026-01-01 18:35:55', NULL),
(120, 'الخميس', 2, '08:40:00', '09:20:00', 9, 12, 12, '19', '2026-01-01 18:35:55', '2026-01-01 18:35:55', NULL),
(121, 'الأحد', 2, '08:40:00', '09:20:00', 10, 5, 5, '1', '2026-01-01 18:35:55', '2026-01-01 18:35:55', NULL),
(122, 'الأحد', 3, '09:20:00', '10:00:00', 10, 6, 6, '16', '2026-01-01 18:35:55', '2026-01-01 18:35:55', NULL),
(123, 'الأحد', 4, '10:00:00', '10:40:00', 10, 7, 7, '14', '2026-01-01 18:35:55', '2026-01-01 18:35:55', NULL),
(124, 'الأحد', 5, '10:40:00', '11:20:00', 10, 8, 8, '5', '2026-01-01 18:35:55', '2026-01-01 18:35:55', NULL),
(125, 'الأحد', 8, '12:40:00', '13:20:00', 10, 9, 9, '5', '2026-01-01 18:35:55', '2026-01-01 18:35:55', NULL),
(126, 'الأحد', 1, '08:00:00', '08:40:00', 10, 10, 10, '20', '2026-01-01 18:35:55', '2026-01-01 18:35:55', NULL),
(127, 'الأحد', 2, '08:40:00', '09:20:00', 10, 11, 11, '15', '2026-01-01 18:35:55', '2026-01-01 18:35:55', NULL),
(128, 'الأحد', 3, '09:20:00', '10:00:00', 10, 12, 12, '16', '2026-01-01 18:35:55', '2026-01-01 18:35:55', NULL),
(129, 'الاثنين', 2, '08:40:00', '09:20:00', 10, 5, 5, '9', '2026-01-01 18:35:55', '2026-01-01 18:35:55', NULL),
(130, 'الاثنين', 3, '09:20:00', '10:00:00', 10, 6, 6, '8', '2026-01-01 18:35:55', '2026-01-01 18:35:55', NULL),
(131, 'الاثنين', 4, '10:00:00', '10:40:00', 10, 7, 7, '15', '2026-01-01 18:35:55', '2026-01-01 18:35:55', NULL),
(132, 'الاثنين', 5, '10:40:00', '11:20:00', 10, 8, 8, '10', '2026-01-01 18:35:55', '2026-01-01 18:35:55', NULL),
(133, 'الاثنين', 8, '12:40:00', '13:20:00', 10, 9, 9, '8', '2026-01-01 18:35:55', '2026-01-01 18:35:55', NULL),
(134, 'الاثنين', 1, '08:00:00', '08:40:00', 10, 10, 10, '12', '2026-01-01 18:35:55', '2026-01-01 18:35:55', NULL),
(135, 'الاثنين', 2, '08:40:00', '09:20:00', 10, 11, 11, '9', '2026-01-01 18:35:55', '2026-01-01 18:35:55', NULL),
(136, 'الاثنين', 3, '09:20:00', '10:00:00', 10, 12, 12, '11', '2026-01-01 18:35:55', '2026-01-01 18:35:55', NULL),
(137, 'الثلاثاء', 2, '08:40:00', '09:20:00', 10, 5, 5, '14', '2026-01-01 18:35:55', '2026-01-01 18:35:55', NULL),
(138, 'الثلاثاء', 3, '09:20:00', '10:00:00', 10, 6, 6, '15', '2026-01-01 18:35:55', '2026-01-01 18:35:55', NULL),
(139, 'الثلاثاء', 4, '10:00:00', '10:40:00', 10, 7, 7, '20', '2026-01-01 18:35:55', '2026-01-01 18:35:55', NULL),
(140, 'الثلاثاء', 5, '10:40:00', '11:20:00', 10, 8, 8, '18', '2026-01-01 18:35:55', '2026-01-01 18:35:55', NULL),
(141, 'الثلاثاء', 8, '12:40:00', '13:20:00', 10, 9, 9, '9', '2026-01-01 18:35:55', '2026-01-01 18:35:55', NULL),
(142, 'الثلاثاء', 1, '08:00:00', '08:40:00', 10, 10, 10, '6', '2026-01-01 18:35:55', '2026-01-01 18:35:55', NULL),
(143, 'الثلاثاء', 2, '08:40:00', '09:20:00', 10, 11, 11, '7', '2026-01-01 18:35:55', '2026-01-01 18:35:55', NULL),
(144, 'الثلاثاء', 3, '09:20:00', '10:00:00', 10, 12, 12, '12', '2026-01-01 18:35:55', '2026-01-01 18:35:55', NULL),
(145, 'الأربعاء', 2, '08:40:00', '09:20:00', 10, 5, 5, '15', '2026-01-01 18:35:55', '2026-01-01 18:35:55', NULL),
(146, 'الأربعاء', 3, '09:20:00', '10:00:00', 10, 6, 6, '5', '2026-01-01 18:35:55', '2026-01-01 18:35:55', NULL),
(147, 'الأربعاء', 4, '10:00:00', '10:40:00', 10, 7, 7, '17', '2026-01-01 18:35:55', '2026-01-01 18:35:55', NULL),
(148, 'الأربعاء', 5, '10:40:00', '11:20:00', 10, 8, 8, '20', '2026-01-01 18:35:55', '2026-01-01 18:35:55', NULL),
(149, 'الأربعاء', 8, '12:40:00', '13:20:00', 10, 9, 9, '5', '2026-01-01 18:35:55', '2026-01-01 18:35:55', NULL),
(150, 'الأربعاء', 1, '08:00:00', '08:40:00', 10, 10, 10, '18', '2026-01-01 18:35:55', '2026-01-01 18:35:55', NULL),
(151, 'الأربعاء', 2, '08:40:00', '09:20:00', 10, 11, 11, '10', '2026-01-01 18:35:55', '2026-01-01 18:35:55', NULL),
(152, 'الأربعاء', 3, '09:20:00', '10:00:00', 10, 12, 12, '10', '2026-01-01 18:35:55', '2026-01-01 18:35:55', NULL),
(153, 'الخميس', 2, '08:40:00', '09:20:00', 10, 5, 5, '5', '2026-01-01 18:35:55', '2026-01-01 18:35:55', NULL),
(154, 'الخميس', 3, '09:20:00', '10:00:00', 10, 6, 6, '17', '2026-01-01 18:35:55', '2026-01-01 18:35:55', NULL),
(155, 'الخميس', 4, '10:00:00', '10:40:00', 10, 7, 7, '15', '2026-01-01 18:35:55', '2026-01-01 18:35:55', NULL),
(156, 'الخميس', 5, '10:40:00', '11:20:00', 10, 8, 8, '1', '2026-01-01 18:35:55', '2026-01-01 18:35:55', NULL),
(157, 'الخميس', 8, '12:40:00', '13:20:00', 10, 9, 9, '17', '2026-01-01 18:35:55', '2026-01-01 18:35:55', NULL),
(158, 'الخميس', 1, '08:00:00', '08:40:00', 10, 10, 10, '1', '2026-01-01 18:35:55', '2026-01-01 18:35:55', NULL),
(159, 'الخميس', 2, '08:40:00', '09:20:00', 10, 11, 11, '19', '2026-01-01 18:35:55', '2026-01-01 18:35:55', NULL),
(160, 'الخميس', 3, '09:20:00', '10:00:00', 10, 12, 12, '12', '2026-01-01 18:35:55', '2026-01-01 18:35:55', NULL),
(161, 'الأحد', 3, '09:20:00', '10:00:00', 11, 1, 1, '8', '2026-01-01 18:35:55', '2026-01-01 18:35:55', NULL),
(162, 'الأحد', 4, '10:00:00', '10:40:00', 11, 2, 2, '5', '2026-01-01 18:35:55', '2026-01-01 18:35:55', NULL),
(163, 'الأحد', 5, '10:40:00', '11:20:00', 11, 3, 3, '15', '2026-01-01 18:35:55', '2026-01-01 18:35:55', NULL),
(164, 'الأحد', 6, '11:20:00', '12:00:00', 11, 4, 4, '11', '2026-01-01 18:35:55', '2026-01-01 18:35:55', NULL),
(165, 'الأحد', 1, '08:00:00', '08:40:00', 11, 9, 9, '18', '2026-01-01 18:35:55', '2026-01-01 18:35:55', NULL),
(166, 'الأحد', 2, '08:40:00', '09:20:00', 11, 10, 10, '13', '2026-01-01 18:35:55', '2026-01-01 18:35:55', NULL),
(167, 'الأحد', 3, '09:20:00', '10:00:00', 11, 11, 11, '19', '2026-01-01 18:35:55', '2026-01-01 18:35:55', NULL),
(168, 'الأحد', 4, '10:00:00', '10:40:00', 11, 12, 12, '18', '2026-01-01 18:35:55', '2026-01-01 18:35:55', NULL),
(169, 'الاثنين', 3, '09:20:00', '10:00:00', 11, 1, 1, '8', '2026-01-01 18:35:55', '2026-01-01 18:35:55', NULL),
(170, 'الاثنين', 4, '10:00:00', '10:40:00', 11, 2, 2, '20', '2026-01-01 18:35:55', '2026-01-01 18:35:55', NULL),
(171, 'الاثنين', 5, '10:40:00', '11:20:00', 11, 3, 3, '2', '2026-01-01 18:35:55', '2026-01-01 18:35:55', NULL),
(172, 'الاثنين', 6, '11:20:00', '12:00:00', 11, 4, 4, '4', '2026-01-01 18:35:55', '2026-01-01 18:35:55', NULL),
(173, 'الاثنين', 1, '08:00:00', '08:40:00', 11, 9, 9, '12', '2026-01-01 18:35:55', '2026-01-01 18:35:55', NULL),
(174, 'الاثنين', 2, '08:40:00', '09:20:00', 11, 10, 10, '15', '2026-01-01 18:35:55', '2026-01-01 18:35:55', NULL),
(175, 'الاثنين', 3, '09:20:00', '10:00:00', 11, 11, 11, '3', '2026-01-01 18:35:55', '2026-01-01 18:35:55', NULL),
(176, 'الاثنين', 4, '10:00:00', '10:40:00', 11, 12, 12, '18', '2026-01-01 18:35:55', '2026-01-01 18:35:55', NULL),
(177, 'الثلاثاء', 3, '09:20:00', '10:00:00', 11, 1, 1, '18', '2026-01-01 18:35:55', '2026-01-01 18:35:55', NULL),
(178, 'الثلاثاء', 4, '10:00:00', '10:40:00', 11, 2, 2, '10', '2026-01-01 18:35:55', '2026-01-01 18:35:55', NULL),
(179, 'الثلاثاء', 5, '10:40:00', '11:20:00', 11, 3, 3, '11', '2026-01-01 18:35:55', '2026-01-01 18:35:55', NULL),
(180, 'الثلاثاء', 6, '11:20:00', '12:00:00', 11, 4, 4, '20', '2026-01-01 18:35:55', '2026-01-01 18:35:55', NULL),
(181, 'الثلاثاء', 1, '08:00:00', '08:40:00', 11, 9, 9, '9', '2026-01-01 18:35:55', '2026-01-01 18:35:55', NULL),
(182, 'الثلاثاء', 2, '08:40:00', '09:20:00', 11, 10, 10, '14', '2026-01-01 18:35:55', '2026-01-01 18:35:55', NULL),
(183, 'الثلاثاء', 3, '09:20:00', '10:00:00', 11, 11, 11, '19', '2026-01-01 18:35:55', '2026-01-01 18:35:55', NULL),
(184, 'الثلاثاء', 4, '10:00:00', '10:40:00', 11, 12, 12, '9', '2026-01-01 18:35:55', '2026-01-01 18:35:55', NULL),
(185, 'الأربعاء', 3, '09:20:00', '10:00:00', 11, 1, 1, '12', '2026-01-01 18:35:55', '2026-01-01 18:35:55', NULL),
(186, 'الأربعاء', 4, '10:00:00', '10:40:00', 11, 2, 2, '20', '2026-01-01 18:35:55', '2026-01-01 18:35:55', NULL),
(187, 'الأربعاء', 5, '10:40:00', '11:20:00', 11, 3, 3, '19', '2026-01-01 18:35:55', '2026-01-01 18:35:55', NULL),
(188, 'الأربعاء', 6, '11:20:00', '12:00:00', 11, 4, 4, '7', '2026-01-01 18:35:55', '2026-01-01 18:35:55', NULL),
(189, 'الأربعاء', 1, '08:00:00', '08:40:00', 11, 9, 9, '18', '2026-01-01 18:35:55', '2026-01-01 18:35:55', NULL),
(190, 'الأربعاء', 2, '08:40:00', '09:20:00', 11, 10, 10, '9', '2026-01-01 18:35:55', '2026-01-01 18:35:55', NULL),
(191, 'الأربعاء', 3, '09:20:00', '10:00:00', 11, 11, 11, '8', '2026-01-01 18:35:55', '2026-01-01 18:35:55', NULL),
(192, 'الأربعاء', 4, '10:00:00', '10:40:00', 11, 12, 12, '9', '2026-01-01 18:35:55', '2026-01-01 18:35:55', NULL),
(193, 'الخميس', 3, '09:20:00', '10:00:00', 11, 1, 1, '8', '2026-01-01 18:35:55', '2026-01-01 18:35:55', NULL),
(194, 'الخميس', 4, '10:00:00', '10:40:00', 11, 2, 2, '12', '2026-01-01 18:35:55', '2026-01-01 18:35:55', NULL),
(195, 'الخميس', 5, '10:40:00', '11:20:00', 11, 3, 3, '16', '2026-01-01 18:35:55', '2026-01-01 18:35:55', NULL),
(196, 'الخميس', 6, '11:20:00', '12:00:00', 11, 4, 4, '5', '2026-01-01 18:35:55', '2026-01-01 18:35:55', NULL),
(197, 'الخميس', 1, '08:00:00', '08:40:00', 11, 9, 9, '13', '2026-01-01 18:35:55', '2026-01-01 18:35:55', NULL),
(198, 'الخميس', 2, '08:40:00', '09:20:00', 11, 10, 10, '20', '2026-01-01 18:35:55', '2026-01-01 18:35:55', NULL),
(199, 'الخميس', 3, '09:20:00', '10:00:00', 11, 11, 11, '20', '2026-01-01 18:35:55', '2026-01-01 18:35:55', NULL),
(200, 'الخميس', 4, '10:00:00', '10:40:00', 11, 12, 12, '3', '2026-01-01 18:35:55', '2026-01-01 18:35:55', NULL),
(201, 'الأحد', 3, '09:20:00', '10:00:00', 12, 5, 5, '10', '2026-01-01 18:35:55', '2026-01-01 18:35:55', NULL),
(202, 'الأحد', 4, '10:00:00', '10:40:00', 12, 6, 6, '1', '2026-01-01 18:35:55', '2026-01-01 18:35:55', NULL),
(203, 'الأحد', 5, '10:40:00', '11:20:00', 12, 7, 7, '12', '2026-01-01 18:35:55', '2026-01-01 18:35:55', NULL),
(204, 'الأحد', 6, '11:20:00', '12:00:00', 12, 8, 8, '16', '2026-01-01 18:35:55', '2026-01-01 18:35:55', NULL),
(205, 'الأحد', 2, '08:40:00', '09:20:00', 12, 9, 9, '13', '2026-01-01 18:35:55', '2026-01-01 18:35:55', NULL),
(206, 'الأحد', 3, '09:20:00', '10:00:00', 12, 10, 10, '16', '2026-01-01 18:35:55', '2026-01-01 18:35:55', NULL),
(207, 'الأحد', 4, '10:00:00', '10:40:00', 12, 11, 11, '2', '2026-01-01 18:35:55', '2026-01-01 18:35:55', NULL),
(208, 'الأحد', 5, '10:40:00', '11:20:00', 12, 12, 12, '6', '2026-01-01 18:35:55', '2026-01-01 18:35:55', NULL),
(209, 'الاثنين', 3, '09:20:00', '10:00:00', 12, 5, 5, '11', '2026-01-01 18:35:55', '2026-01-01 18:35:55', NULL),
(210, 'الاثنين', 4, '10:00:00', '10:40:00', 12, 6, 6, '3', '2026-01-01 18:35:55', '2026-01-01 18:35:55', NULL),
(211, 'الاثنين', 5, '10:40:00', '11:20:00', 12, 7, 7, '12', '2026-01-01 18:35:55', '2026-01-01 18:35:55', NULL),
(212, 'الاثنين', 6, '11:20:00', '12:00:00', 12, 8, 8, '17', '2026-01-01 18:35:55', '2026-01-01 18:35:55', NULL),
(213, 'الاثنين', 2, '08:40:00', '09:20:00', 12, 9, 9, '11', '2026-01-01 18:35:55', '2026-01-01 18:35:55', NULL),
(214, 'الاثنين', 3, '09:20:00', '10:00:00', 12, 10, 10, '4', '2026-01-01 18:35:55', '2026-01-01 18:35:55', NULL),
(215, 'الاثنين', 4, '10:00:00', '10:40:00', 12, 11, 11, '1', '2026-01-01 18:35:55', '2026-01-01 18:35:55', NULL),
(216, 'الاثنين', 5, '10:40:00', '11:20:00', 12, 12, 12, '13', '2026-01-01 18:35:55', '2026-01-01 18:35:55', NULL),
(217, 'الثلاثاء', 3, '09:20:00', '10:00:00', 12, 5, 5, '3', '2026-01-01 18:35:55', '2026-01-01 18:35:55', NULL),
(218, 'الثلاثاء', 4, '10:00:00', '10:40:00', 12, 6, 6, '19', '2026-01-01 18:35:55', '2026-01-01 18:35:55', NULL),
(219, 'الثلاثاء', 5, '10:40:00', '11:20:00', 12, 7, 7, '1', '2026-01-01 18:35:55', '2026-01-01 18:35:55', NULL),
(220, 'الثلاثاء', 6, '11:20:00', '12:00:00', 12, 8, 8, '15', '2026-01-01 18:35:55', '2026-01-01 18:35:55', NULL),
(221, 'الثلاثاء', 2, '08:40:00', '09:20:00', 12, 9, 9, '8', '2026-01-01 18:35:55', '2026-01-01 18:35:55', NULL),
(222, 'الثلاثاء', 3, '09:20:00', '10:00:00', 12, 10, 10, '10', '2026-01-01 18:35:55', '2026-01-01 18:35:55', NULL),
(223, 'الثلاثاء', 4, '10:00:00', '10:40:00', 12, 11, 11, '5', '2026-01-01 18:35:55', '2026-01-01 18:35:55', NULL),
(224, 'الثلاثاء', 5, '10:40:00', '11:20:00', 12, 12, 12, '5', '2026-01-01 18:35:55', '2026-01-01 18:35:55', NULL),
(225, 'الأربعاء', 3, '09:20:00', '10:00:00', 12, 5, 5, '7', '2026-01-01 18:35:55', '2026-01-01 18:35:55', NULL),
(226, 'الأربعاء', 4, '10:00:00', '10:40:00', 12, 6, 6, '15', '2026-01-01 18:35:55', '2026-01-01 18:35:55', NULL),
(227, 'الأربعاء', 5, '10:40:00', '11:20:00', 12, 7, 7, '6', '2026-01-01 18:35:55', '2026-01-01 18:35:55', NULL),
(228, 'الأربعاء', 6, '11:20:00', '12:00:00', 12, 8, 8, '16', '2026-01-01 18:35:55', '2026-01-01 18:35:55', NULL),
(229, 'الأربعاء', 2, '08:40:00', '09:20:00', 12, 9, 9, '4', '2026-01-01 18:35:55', '2026-01-01 18:35:55', NULL),
(230, 'الأربعاء', 3, '09:20:00', '10:00:00', 12, 10, 10, '14', '2026-01-01 18:35:55', '2026-01-01 18:35:55', NULL),
(231, 'الأربعاء', 4, '10:00:00', '10:40:00', 12, 11, 11, '19', '2026-01-01 18:35:55', '2026-01-01 18:35:55', NULL),
(232, 'الأربعاء', 5, '10:40:00', '11:20:00', 12, 12, 12, '20', '2026-01-01 18:35:55', '2026-01-01 18:35:55', NULL),
(233, 'الخميس', 3, '09:20:00', '10:00:00', 12, 5, 5, '6', '2026-01-01 18:35:55', '2026-01-01 18:35:55', NULL),
(234, 'الخميس', 4, '10:00:00', '10:40:00', 12, 6, 6, '20', '2026-01-01 18:35:55', '2026-01-01 18:35:55', NULL),
(235, 'الخميس', 5, '10:40:00', '11:20:00', 12, 7, 7, '5', '2026-01-01 18:35:55', '2026-01-01 18:35:55', NULL),
(236, 'الخميس', 6, '11:20:00', '12:00:00', 12, 8, 8, '18', '2026-01-01 18:35:55', '2026-01-01 18:35:55', NULL),
(237, 'الخميس', 2, '08:40:00', '09:20:00', 12, 9, 9, '3', '2026-01-01 18:35:55', '2026-01-01 18:35:55', NULL),
(238, 'الخميس', 3, '09:20:00', '10:00:00', 12, 10, 10, '19', '2026-01-01 18:35:55', '2026-01-01 18:35:55', NULL),
(239, 'الخميس', 4, '10:00:00', '10:40:00', 12, 11, 11, '3', '2026-01-01 18:35:55', '2026-01-01 18:35:55', NULL),
(240, 'الخميس', 5, '10:40:00', '11:20:00', 12, 12, 12, '1', '2026-01-01 18:35:55', '2026-01-01 18:35:55', NULL);

-- --------------------------------------------------------

--
-- بنية الجدول `users`
--

CREATE TABLE `users` (
  `user_id` int(11) NOT NULL,
  `username` varchar(100) NOT NULL,
  `password` varchar(255) NOT NULL,
  `role` varchar(50) DEFAULT NULL,
  `profile_id` int(11) DEFAULT NULL,
  `email` varchar(150) DEFAULT NULL,
  `phone` varchar(50) DEFAULT NULL,
  `created_at` timestamp NULL DEFAULT NULL,
  `updated_at` timestamp NULL DEFAULT NULL
) ENGINE=InnoDB DEFAULT CHARSET=utf8mb4 COLLATE=utf8mb4_general_ci;

--
-- إرجاع أو استيراد بيانات الجدول `users`
--

INSERT INTO `users` (`user_id`, `username`, `password`, `role`, `profile_id`, `email`, `phone`, `created_at`, `updated_at`) VALUES
(18, 'ahmad.ali', '$2y$12$G5qnkVj5A4FOoY.wl4mqKeAkD1pqWT71vSme.BRMqsAeKjC919QFq', 'teacher', 1, 'ahmad.ali@school.com', '0501000001', '2025-12-03 17:54:33', '2025-12-03 17:54:33'),
(19, 'sara.mohamed', '$2y$12$rAeXM4nLphLERoxHDFojm.GNgR69Fsg8qG39WmSHbYNU.9PDjlE.m', 'teacher', 2, 'sara.mohamed@school.com', '0501000002', '2025-12-03 17:54:34', '2025-12-03 17:54:34'),
(20, 'khaled.youssef', '$2y$12$M2WKtYhWtBSYjWVTkzdZGuGZg9Sykj0UwGUMhSyUrmQCBT2lIA.aC', 'teacher', 3, 'khaled.youssef@school.com', '0501000003', '2025-12-03 17:54:34', '2025-12-03 17:54:34'),
(21, 'reem.sami', '$2y$12$7ljitQ9UAIcjjnVEcBSaW.u29EthXGsxODNy/mHgdJKiq1brqwpLO', 'teacher', 4, 'reem.sami@school.com', '0501000004', '2025-12-03 17:54:34', '2025-12-03 17:54:34'),
(22, 'mahmoud.hassan', '$2y$12$grbLpqlaizVV2ASrQGNNIO58Ie9ojLCAd4RgRM2MmwZxdzu8sT.1a', 'teacher', 5, 'mahmoud.hassan@school.com', '0501000005', '2025-12-03 17:54:35', '2025-12-03 17:54:35'),
(23, 'leila.abdullah', '$2y$12$4L7l4OfOnvBkI6j/jRGzOuBEPyqDlUg.WohvmvZ4XDESZsQJpo3ly', 'teacher', 6, 'leila.abdullah@school.com', '0501000006', '2025-12-03 17:54:35', '2025-12-03 17:54:35'),
(24, 'fadi.adel', '$2y$12$xtzolkgnYUg/XdquPpTiVu4M9bLRlNE.4UcDxU40lZc2sFypGBW1S', 'teacher', 7, 'fadi.adel@school.com', '0501000007', '2025-12-03 17:54:35', '2025-12-03 17:54:35'),
(25, 'noura.tariq', '$2y$12$XVYILgHvMa3KqMTvVW26a.Sd7.VlxVNBrHmBXTGikx5yvOe29u8D6', 'teacher', 8, 'noura.tariq@school.com', '0501000008', '2025-12-03 17:54:36', '2025-12-03 17:54:36'),
(26, 'ayman.mahmoud', '$2y$12$i9rLm0ZqixmuRgffum2RgOfHcUnV5.T22YQOuT6howh6reAJcKUGC', 'teacher', 9, 'ayman.mahmoud@school.com', '0501000009', '2025-12-03 17:54:36', '2025-12-03 17:54:36'),
(27, 'mona.saeed', '$2y$12$S.UEfKilOwraUu2xnAQc0erlbfx8JH9kk6EGXf871Kqw4mGyQhXJG', 'teacher', 10, 'mona.saeed@school.com', '0501000010', '2025-12-03 17:54:36', '2025-12-03 17:54:36'),
(28, 'omar.sami', '$2y$12$Nh4eHky6lwGMfq9P3pLRMOEXvuRIHhZRRF688ADLyzONWLv6Chc0W', 'teacher', 11, 'omar.sami@school.com', '0501000011', '2025-12-03 17:54:37', '2025-12-03 17:54:37'),
(29, 'lian.youssef', '$2y$12$0ML5GGPJdD7rvexmO/XppuhzI7bjlk3OqFd62JXxr0QyIhlvzhxOW', 'teacher', 12, 'lian.youssef@school.com', '0501000012', '2025-12-03 17:54:37', '2025-12-03 17:54:37'),
(30, 'admin', '$2y$12$MvGf7Xwah.lekDPhJu8gy.0oCsAGEAIKql.2ia304Qa94qfuOPHxG', 'admin', NULL, 'admin@school.com', '0500000001', '2025-12-03 17:57:14', '2025-12-03 17:57:14'),
(33, 'student_18', '$2y$12$Nw1mXMs71cBDhpRzm5prCuZdMEgxW7GjelN4JezeTDoq9MrMj5mQa', 'student', 18, 'محمد.أحمد.البشير@gmail.com', '0930174786', '2025-12-04 09:52:08', '2026-01-01 17:25:20'),
(34, 'student_19', '$2y$12$zg0F4baZfNSkOqSorlvRB.lR.kIse2NYmgp72yFHSt7Yk.8S0PV4i', 'student', 19, 'كريم.صالح@gmail.com', '0937527631', '2025-12-05 08:24:24', '2026-01-01 17:25:20'),
(37, 'teacher_14', '$2y$12$dQoebxq8ZuPK7.3WjVnoDu4Er5N2SRxjgIwoclOp5bpUyrxBOAM6y', 'teacher', 14, NULL, 'لا', '2025-12-08 18:31:42', '2025-12-08 18:31:42'),
(38, 'student_22', '$2y$12$8/mFrBeoLoKdDYNo.qvIterx3id.i83nXOfZ6IcpiXfJMMon43Hyy', 'student', 22, 'ريم.خالد@gmail.com', '0937527631', '2025-12-11 18:32:59', '2026-01-01 17:25:20'),
(39, 'student_23', '$2y$12$JIQ4Hz6juuLr/HlFyGqboed9T.KUmLoLUcVViuExH.nIcOxw1W5YW', 'student', 23, 'يوسف.عادل@gmail.com', '0937527631', '2025-12-11 18:33:47', '2026-01-01 17:25:20'),
(40, 'student_24', '$2y$12$DM7lIgZl3jzrSKwn43jCeO5zH1tutjEv3co3RupCs8.4L5LOV8.du', 'student', 24, 'ليلى.سامي@gmail.com', '0937527631', '2025-12-11 18:36:26', '2026-01-01 17:25:20'),
(41, 'student_13', '$2y$12$973EL1opEwUxj0IKBOGxOuR54.t8OKrj4D4m.nCxVRJ0O8pkD9G3y', 'student', 13, 'أيمن.محمود@gmail.com', '0502000009', '2026-01-01 17:00:05', '2026-01-01 17:25:20'),
(42, 'student_15', '$2y$12$0dCTDsgxO8sMz4BrmkfyuOBt124aMNVLz7vBKdtTxAWaz4VvPj.FG', 'student', 15, 'عمر.سامي@gmail.com', '0502000011', '2026-01-01 17:00:06', '2026-01-01 17:25:20'),
(43, 'student_16', '$2y$12$cbva93dU1BmJwuwhSThvUOjcjZyhp6b4CAJXoJ4j/fk1Shs6Ipkja', 'student', 16, 'ليان.يوسف@gmail.com', '0502000012', '2026-01-01 17:00:07', '2026-01-01 17:25:20'),
(44, 'student_17', '$2y$12$oFM0j1.PtHMam0HGt1t5f.Nmd/N5GTCIP2VsYrd3t0/Qm.lHJ3Bee', 'student', 17, 'ربا.أحمد.نصار@gmail.com', '0930174786', '2026-01-01 17:00:07', '2026-01-01 17:25:20'),
(45, 'student_20', '$2y$12$QCuczmtdUd6YdMY.iHM3Kux./LhrqXTHOgcCsZ.RxfZ5v7utCy6ta', 'student', 20, 'سارة.محمود@gmail.com', '0502000014', '2026-01-01 17:00:08', '2026-01-01 17:25:20'),
(46, 'student_21', '$2y$12$2MepszuFjZv2Tca2IuS64uu2ug9CmCXpcS6QKVqoJIcOAZ1A.Xv1m', 'student', 21, 'مازن.يوسف@gmail.com', '0502000015', '2026-01-01 17:00:09', '2026-01-01 17:25:20'),
(47, 'student_25', '$2y$12$iVW/4RBHeCANIOiVEI3obON0xi2lVY3oUeTLqy1xemttm3aij2UFe', 'student', 25, 'رامي.مصطفى@gmail.com', '0502000019', '2026-01-01 17:00:09', '2026-01-01 17:25:20'),
(48, 'student_26', '$2y$12$WQcAtjOop5yP/28F550lFewPnwYCOBqhPtaNzlY6URsi4vrdNqZqi', 'student', 26, 'نور.أحمد@gmail.com', '0502000020', '2026-01-01 17:00:10', '2026-01-01 17:25:20'),
(49, 'student_27', '$2y$12$SIOOklhj1ONjNH2tAgWQ3O05WeV.fYo86WsxO608HK4x/EutjDy8u', 'student', 27, 'أنس.سعيد@gmail.com', '0502000021', '2026-01-01 17:00:11', '2026-01-01 17:25:20'),
(50, 'student_28', '$2y$12$tCF91VzbaGApbe2UntxIKuNdnFwIVok.ZQQTJXM9BaVvIkRetunjm', 'student', 28, 'جنى.حسن@gmail.com', '0502000022', '2026-01-01 17:00:11', '2026-01-01 17:25:20'),
(51, 'student_29', '$2y$12$.yAD1eGf5aPKroBGlOqem.kWdGXeHcK03OyXxrxV.Hd5BItsmsZXm', 'student', 29, 'ليان.عبد.الله@gmail.com', '0502000023', '2026-01-01 17:00:12', '2026-01-01 17:25:20'),
(52, 'student_30', '$2y$12$ggEn9DST3D2mYvBseADXIOHtBzE36dVUSXLORySUldowzexEHq2aC', 'student', 30, 'رامي.خالد@gmail.com', '0502000024', '2026-01-01 17:00:13', '2026-01-01 17:25:20'),
(53, 'student_31', '$2y$12$QZKgcEPdvxgK6rLa0Y9LRun7ih2dmjvyU6AiCbJ8BdwXpn5cOLoxu', 'student', 31, 'نور.سامي@gmail.com', '0502000025', '2026-01-01 17:00:13', '2026-01-01 17:25:20'),
(54, 'student_32', '$2y$12$drlanUyK0JWi1Wp38UN/TOW2qOkLiBf86RkPGgeawnmO9Hr/z1VLK', 'student', 32, 'يوسف.محمود@gmail.com', '0502000026', '2026-01-01 17:00:14', '2026-01-01 17:25:20'),
(55, 'student_33', '$2y$12$bXolrAguOSaY49iGmqLLCO7wem7QyL4ofq4mr6c2sEm16D.IO9f2e', 'student', 33, 'جنى.أحمد@gmail.com', '0502000027', '2026-01-01 17:00:15', '2026-01-01 17:25:20'),
(56, 'student_34', '$2y$12$/pAoY8AYTtRJbNNla0NJgeHgSCzic5TveOFLqtGJUgmmH8oVNxG.W', 'student', 34, 'مازن.سعيد@gmail.com', '0502000028', '2026-01-01 17:00:15', '2026-01-01 17:25:20'),
(57, 'student_35', '$2y$12$6X/Fqd3g2KAdD4UHRUKXx.DZ86No6vJc6mFkgFYgee3R9idZtQeXK', 'student', 35, 'ليلى.محمود@gmail.com', '0502000029', '2026-01-01 17:00:16', '2026-01-01 17:25:20'),
(58, 'student_36', '$2y$12$ImpL9iT4NjHm5A6jivvJN.tbpDGnhEPugFT0kQi0DvomFKa8QBB6a', 'student', 36, 'عمر.عبد.الله@gmail.com', '0502000030', '2026-01-01 17:00:17', '2026-01-01 17:25:20'),
(59, 'student_37', '$2y$12$VLbsgrYmKcxg58fXP2.PpOKj4hQRD9own2WpCY93Ckg3nXFLuP.jG', 'student', 37, 'نور.خالد@gmail.com', '0502000031', '2026-01-01 17:00:17', '2026-01-01 17:25:20'),
(60, 'student_38', '$2y$12$zO4QasxR9vzt95ae3Pf9MeBV8Ec8YQZDEkQYW3QFdypKEnplgKVx.', 'student', 38, 'رامي.يوسف@gmail.com', '0502000032', '2026-01-01 17:00:18', '2026-01-01 17:25:20'),
(61, 'student_39', '$2y$12$lheNXrF4CEOIdaxDljnpH.1CPM4ZTY/YThccpb2ojiZl8KBCuu/XW', 'student', 39, 'كريم.طارق@gmail.com', '0502000033', '2026-01-01 17:00:19', '2026-01-01 17:25:20'),
(62, 'student_40', '$2y$12$1j02Jmv/fQmIhZmv1HAp8.UhNRu53feXcArMXHQzX8mMCfwxL/zH.', 'student', 40, 'ليان.محمود@gmail.com', '0502000034', '2026-01-01 17:00:20', '2026-01-01 17:25:20'),
(63, 'student_41', '$2y$12$28Ohb.TMN5WxquXwG9B/t.UHddifBoY9cj.X8yiZVICLL.E6u9ofS', 'student', 41, 'يوسف.سامي@gmail.com', '0502000035', '2026-01-01 17:00:20', '2026-01-01 17:25:20'),
(64, 'student_42', '$2y$12$/9700R1iT7HfJmaPeOSb5e/PLfNMDFGT6EVXKvz4of97HJ7U54/V2', 'student', 42, 'سارة.خالد@gmail.com', '0502000036', '2026-01-01 17:00:21', '2026-01-01 17:25:20'),
(65, 'student_43', '$2y$12$2Erk12ky50kL3dXX8J7oW.8qO0c9hn5YRRWRYm1mSQHFNb.xsf3Xm', 'student', 43, 'مازن.عبد.الله@gmail.com', '0502000037', '2026-01-01 17:00:22', '2026-01-01 17:25:20'),
(66, 'student_44', '$2y$12$HIggHyZBP4wP6iQoPdVH8ewhRbn.Jnhmu5k2.CJeOLQtlAnMQqv9a', 'student', 44, 'جنى.أحمد@gmail.com', '0502000038', '2026-01-01 17:00:22', '2026-01-01 17:25:20'),
(67, 'student_45', '$2y$12$LpU/U1EBm3o/KGpbTXt9neHfFItVibkquPr7NjpC6NpDugql.pSK.', 'student', 45, 'رامي.خالد@gmail.com', '0502000039', '2026-01-01 17:00:23', '2026-01-01 17:25:20'),
(68, 'student_46', '$2y$12$qTmil8aEys.k0EnHZASVxuOdnVCoFERebSKTJj2u5ivcYwl5UG/f6', 'student', 46, 'نور.سامي@gmail.com', '0502000040', '2026-01-01 17:00:24', '2026-01-01 17:25:20'),
(69, 'student_47', '$2y$12$lHlJwfQLpdkmYulX8jTDdO9uWawhIZ/J9eo1n/Nf3awoT4F.pvmj.', 'student', 47, 'أنس.محمود@gmail.com', '0502000041', '2026-01-01 17:00:24', '2026-01-01 17:25:21'),
(70, 'student_48', '$2y$12$YCZifd.9DmRdrT0poodnZ.6Jr8QSHD76sbJ31uoieP3CVl6tTtoNi', 'student', 48, 'ليلى.يوسف@gmail.com', '0502000042', '2026-01-01 17:00:25', '2026-01-01 17:25:21'),
(71, 'student_49', '$2y$12$mQk7cbYPyBI8emfPRmLciusjb7isVgpRGWjm6KuCCuK4VG/rB3vyO', 'student', 49, 'نور.عبد.الله@gmail.com', '0502000043', '2026-01-01 17:00:26', '2026-01-01 17:25:21'),
(72, 'student_50', '$2y$12$BnNWeQRXL7BTbhlKSOjTL.KmrvzS1Q902TjMAEucs.fJMSZeE83na', 'student', 50, 'يوسف.طارق@gmail.com', '0502000044', '2026-01-01 17:00:26', '2026-01-01 17:25:21'),
(73, 'student_51', '$2y$12$rZxBWWLG4HLjjLpqKtZiVu7ZQ9TrGFQ3VvB5HKXM5yxWbLafSfqSW', 'student', 51, 'ليان.سامي@gmail.com', '0502000045', '2026-01-01 17:00:27', '2026-01-01 17:25:21'),
(74, 'student_52', '$2y$12$egxa0BI.RCRlcLigQqo0/OQRy6e0.GNwrYLG2JfIonEnnRQ3sxFr2', 'student', 52, 'رامي.محمود@gmail.com', '0502000046', '2026-01-01 17:00:28', '2026-01-01 17:25:21'),
(75, 'student_53', '$2y$12$i6rwUeY5ItLd7/ncKnYLoOpkWZLEK/b8mQf98uED8NV7CzljdflKm', 'student', 53, 'جنى.يوسف@gmail.com', '0502000047', '2026-01-01 17:00:28', '2026-01-01 17:25:21'),
(76, 'student_54', '$2y$12$bbbUCbMpT7ilqmEbwQncj.8GL2y5U1kGrOSlnRGOp11CDFZLFm3Oq', 'student', 54, 'مازن.خالد@gmail.com', '0502000048', '2026-01-01 17:00:29', '2026-01-01 17:25:21'),
(77, 'student_55', '$2y$12$EzGQ1HxwQQgY5HqbbfmbL.a/kNykDS0c48qEBscv.i6dHdErJk/Oq', 'student', 55, 'سارة.عبد.الله@gmail.com', '0502000049', '2026-01-01 17:00:30', '2026-01-01 17:25:21'),
(78, 'student_56', '$2y$12$qfo9BJsypNuTA0/4tT7TV.drM4ZekKBqB/78OCNcd3jacX/wZLs..', 'student', 56, 'أنس.محمود@gmail.com', '0502000050', '2026-01-01 17:00:30', '2026-01-01 17:25:21'),
(79, 'student_57', '$2y$12$Cfq5hLM7b22Jj00rS8ChjepTXa2dZDfGSRP.ikz/cr2IJMeOGz.Vq', 'student', 57, 'ليلى.طارق@gmail.com', '0502000051', '2026-01-01 17:00:31', '2026-01-01 17:25:21'),
(80, 'student_58', '$2y$12$8F/GAs4vV3hO8guMjstgYegKzG5h.3WssCNZ2DVaq4j4LdMUbnk0u', 'student', 58, 'مازن.يوسف@gmail.com', '0502000052', '2026-01-01 17:00:32', '2026-01-01 17:25:21'),
(81, 'student_59', '$2y$12$ylHlj.mmiheLg7uTHYQD..Pkvemu9W21IQ37QcMe7qLH08Q392UWK', 'student', 59, 'كريم.محمود@gmail.com', '0502000053', '2026-01-01 17:00:32', '2026-01-01 17:25:21'),
(82, 'student_60', '$2y$12$B7t7dacqFgq6LoQBv3fsY.d4UUG/bfumi9YLGShZ7FOq6Dvl8xSo.', 'student', 60, 'ليان.خالد@gmail.com', '0502000054', '2026-01-01 17:00:33', '2026-01-01 17:25:21'),
(83, 'student_61', '$2y$12$XbUBgIa2JEhcPw0gPU3lE.CiEqMNLaGGa0R/jTWmZjp6Vk5NiGape', 'student', 61, 'يوسف.عبد.الله@gmail.com', '0502000055', '2026-01-01 17:00:34', '2026-01-01 17:25:21'),
(84, 'student_62', '$2y$12$uhkfN.MlFWG.hmUKQ/y5KeB8GBguXfG/LX2gRQgnmX/FwRkvd.LO.', 'student', 62, 'سارة.محمود@gmail.com', '0502000056', '2026-01-01 17:00:34', '2026-01-01 17:25:21'),
(85, 'student_63', '$2y$12$u/eQ2jP8qlgXE5ooCKwWBuo.Z0nEuB3PVFoWBq6aMzKCUoILPZk3q', 'student', 63, 'رامي.يوسف@gmail.com', '0502000057', '2026-01-01 17:00:35', '2026-01-01 17:25:21'),
(86, 'student_64', '$2y$12$WoTbQ9zsC.i3bDLalUMDAuaIfnJjbFX/Q62Mi2G.1rUD53treVM62', 'student', 64, 'جنى.خالد@gmail.com', '0502000058', '2026-01-01 17:00:36', '2026-01-01 17:25:21'),
(87, 'student_65', '$2y$12$8H/g27a/Oqm83Z2cXh4kFOFxfO2IEXeXIxzbY0eOXwkBQDO9A7R6q', 'student', 65, 'مازن.محمود@gmail.com', '0502000059', '2026-01-01 17:00:37', '2026-01-01 17:25:21'),
(88, 'student_66', '$2y$12$g9h9GdSja1D8QdX3oBe1meff6awyQ9FQvMUvkvK/bB3Mo/xO2p7ES', 'student', 66, 'نور.عبد.الله@gmail.com', '0502000060', '2026-01-01 17:00:37', '2026-01-01 17:25:21'),
(89, 'student_67', '$2y$12$C5/3bCukyvsi4h.WLFG8ceAOUdxD0LTM7I29Sw9Mkb2frZa9ZmpGC', 'student', 67, 'أنس.خالد@gmail.com', '0502000061', '2026-01-01 17:00:38', '2026-01-01 17:25:21'),
(90, 'student_68', '$2y$12$hV83YZMXNeiZT3P0hI3qUOLvdv/QiTHDqGntpJ68a40DLmIM/IQry', 'student', 68, 'ليلى.محمود@gmail.com', '0502000062', '2026-01-01 17:00:39', '2026-01-01 17:25:21'),
(91, 'student_69', '$2y$12$oH0ce2zIHrHoKDkGiFx3yeBr5yedv5XGM4OA4GsVO8Bx.ic1dOMHG', 'student', 69, 'نور.طارق@gmail.com', '0502000063', '2026-01-01 17:00:40', '2026-01-01 17:25:21'),
(92, 'student_70', '$2y$12$sJtWjXoY/RqeQtuLw8oP/.JbuSB97g0nVHa2/M38GUCANo0hRb7/q', 'student', 70, 'يوسف.سامي@gmail.com', '0502000064', '2026-01-01 17:00:41', '2026-01-01 17:25:21'),
(93, 'student_71', '$2y$12$R8TJu4H3o0xPt2FdDXr4eeT0AghYDD4bqUYkwjoEMEFEzm38WMK82', 'student', 71, 'ليان.عبد.الله@gmail.com', '0502000065', '2026-01-01 17:00:42', '2026-01-01 17:25:21'),
(94, 'student_72', '$2y$12$EkOUldoNn6J2LhVmwVY3tOqqSGkTpowq6t1FnNpPiRClBydYKVsf.', 'student', 72, 'رامي.محمود@gmail.com', '0502000066', '2026-01-01 17:00:43', '2026-01-01 17:25:21'),
(95, 'student_73', '$2y$12$Bjy1AGurLf2.hmb2pcWtzuLeEQRPLPPrZUo5gA1cJeA8ifqc9fvsC', 'student', 73, 'جنى.يوسف@gmail.com', '0502000067', '2026-01-01 17:00:45', '2026-01-01 17:25:21'),
(96, 'student_74', '$2y$12$6/PsAGTMCVpPjY0IysuYW.djTCtnmb0LgqKHMFooeETljkrQZ8/Zq', 'student', 74, 'مازن.خالد@gmail.com', '0502000068', '2026-01-01 17:00:46', '2026-01-01 17:25:21'),
(97, 'student_75', '$2y$12$FXOfFiwzidT.d5iB0td5xOdAT8QVwZA34D6eJLzqXgzjfUy0oKJTK', 'student', 75, 'سارة.عبد.الله@gmail.com', '0502000069', '2026-01-01 17:00:47', '2026-01-01 17:25:21'),
(98, 'student_76', '$2y$12$MpTi2I2oRGnRomNbTYIopeezwUIbjwXEohUN3OfCcdpXzxsUc5uWS', 'student', 76, 'أنس.محمود@gmail.com', '0502000070', '2026-01-01 17:00:49', '2026-01-01 17:25:21'),
(99, 'student_77', '$2y$12$uf2wZkpQIdCJtuKQ3fMGpujxb5S2G4z9mD0PgRiLQiPpTdoKrWi6O', 'student', 77, 'ليلى.طارق@gmail.com', '0502000071', '2026-01-01 17:00:50', '2026-01-01 17:25:21'),
(100, 'student_78', '$2y$12$YvUSKCLN0H2RWL.u4yJi..QUIZEunHSGOxyH7/0MskK3WXwTIj9PC', 'student', 78, 'مازن.يوسف@gmail.com', '0502000072', '2026-01-01 17:00:51', '2026-01-01 17:25:21');

--
-- Indexes for dumped tables
--

--
-- Indexes for table `classes`
--
ALTER TABLE `classes`
  ADD PRIMARY KEY (`class_id`);

--
-- Indexes for table `class_assignments`
--
ALTER TABLE `class_assignments`
  ADD PRIMARY KEY (`assignment_id`),
  ADD KEY `teacher_id` (`teacher_id`),
  ADD KEY `class_id` (`class_id`),
  ADD KEY `subject_id` (`subject_id`);

--
-- Indexes for table `class_subject`
--
ALTER TABLE `class_subject`
  ADD PRIMARY KEY (`id`),
  ADD KEY `class_id` (`class_id`),
  ADD KEY `subject_id` (`subject_id`);

--
-- Indexes for table `exam_schedules`
--
ALTER TABLE `exam_schedules`
  ADD PRIMARY KEY (`id`),
  ADD KEY `subject_id` (`subject_id`),
  ADD KEY `class_id` (`class_id`);

--
-- Indexes for table `grades`
--
ALTER TABLE `grades`
  ADD PRIMARY KEY (`id`),
  ADD KEY `student_id` (`student_id`),
  ADD KEY `subject_id` (`subject_id`),
  ADD KEY `class_id` (`class_id`);

--
-- Indexes for table `learning_contents`
--
ALTER TABLE `learning_contents`
  ADD PRIMARY KEY (`id`),
  ADD KEY `subject_id` (`subject_id`),
  ADD KEY `class_id` (`class_id`),
  ADD KEY `teacher_id` (`teacher_id`);

--
-- Indexes for table `students`
--
ALTER TABLE `students`
  ADD PRIMARY KEY (`student_id`),
  ADD KEY `class_id` (`class_id`);

--
-- Indexes for table `subjects`
--
ALTER TABLE `subjects`
  ADD PRIMARY KEY (`subject_id`);

--
-- Indexes for table `teachers`
--
ALTER TABLE `teachers`
  ADD PRIMARY KEY (`teacher_id`);

--
-- Indexes for table `timetables`
--
ALTER TABLE `timetables`
  ADD PRIMARY KEY (`id`),
  ADD KEY `class_id` (`class_id`),
  ADD KEY `subject_id` (`subject_id`),
  ADD KEY `teacher_id` (`teacher_id`);

--
-- Indexes for table `users`
--
ALTER TABLE `users`
  ADD PRIMARY KEY (`user_id`),
  ADD KEY `profile_id_idx` (`profile_id`);

--
-- AUTO_INCREMENT for dumped tables
--

--
-- AUTO_INCREMENT for table `classes`
--
ALTER TABLE `classes`
  MODIFY `class_id` int(11) NOT NULL AUTO_INCREMENT, AUTO_INCREMENT=13;

--
-- AUTO_INCREMENT for table `class_assignments`
--
ALTER TABLE `class_assignments`
  MODIFY `assignment_id` int(11) NOT NULL AUTO_INCREMENT, AUTO_INCREMENT=62;

--
-- AUTO_INCREMENT for table `class_subject`
--
ALTER TABLE `class_subject`
  MODIFY `id` int(11) NOT NULL AUTO_INCREMENT, AUTO_INCREMENT=49;

--
-- AUTO_INCREMENT for table `exam_schedules`
--
ALTER TABLE `exam_schedules`
  MODIFY `id` int(11) NOT NULL AUTO_INCREMENT, AUTO_INCREMENT=49;

--
-- AUTO_INCREMENT for table `grades`
--
ALTER TABLE `grades`
  MODIFY `id` int(11) NOT NULL AUTO_INCREMENT, AUTO_INCREMENT=595;

--
-- AUTO_INCREMENT for table `learning_contents`
--
ALTER TABLE `learning_contents`
  MODIFY `id` int(11) NOT NULL AUTO_INCREMENT, AUTO_INCREMENT=49;

--
-- AUTO_INCREMENT for table `students`
--
ALTER TABLE `students`
  MODIFY `student_id` int(11) NOT NULL AUTO_INCREMENT, AUTO_INCREMENT=84;

--
-- AUTO_INCREMENT for table `subjects`
--
ALTER TABLE `subjects`
  MODIFY `subject_id` int(11) NOT NULL AUTO_INCREMENT, AUTO_INCREMENT=13;

--
-- AUTO_INCREMENT for table `teachers`
--
ALTER TABLE `teachers`
  MODIFY `teacher_id` int(11) NOT NULL AUTO_INCREMENT, AUTO_INCREMENT=25;

--
-- AUTO_INCREMENT for table `timetables`
--
ALTER TABLE `timetables`
  MODIFY `id` int(11) NOT NULL AUTO_INCREMENT, AUTO_INCREMENT=241;

--
-- AUTO_INCREMENT for table `users`
--
ALTER TABLE `users`
  MODIFY `user_id` int(11) NOT NULL AUTO_INCREMENT, AUTO_INCREMENT=116;

--
-- قيود الجداول المُلقاة.
--

--
-- قيود الجداول `class_assignments`
--
ALTER TABLE `class_assignments`
  ADD CONSTRAINT `class_assignments_ibfk_1` FOREIGN KEY (`teacher_id`) REFERENCES `teachers` (`teacher_id`),
  ADD CONSTRAINT `class_assignments_ibfk_2` FOREIGN KEY (`class_id`) REFERENCES `classes` (`class_id`),
  ADD CONSTRAINT `class_assignments_ibfk_3` FOREIGN KEY (`subject_id`) REFERENCES `subjects` (`subject_id`);

--
-- قيود الجداول `class_subject`
--
ALTER TABLE `class_subject`
  ADD CONSTRAINT `class_subject_ibfk_1` FOREIGN KEY (`class_id`) REFERENCES `classes` (`class_id`),
  ADD CONSTRAINT `class_subject_ibfk_2` FOREIGN KEY (`subject_id`) REFERENCES `subjects` (`subject_id`);

--
-- قيود الجداول `exam_schedules`
--
ALTER TABLE `exam_schedules`
  ADD CONSTRAINT `exam_schedules_ibfk_1` FOREIGN KEY (`subject_id`) REFERENCES `subjects` (`subject_id`),
  ADD CONSTRAINT `exam_schedules_ibfk_2` FOREIGN KEY (`class_id`) REFERENCES `classes` (`class_id`);

--
-- قيود الجداول `grades`
--
ALTER TABLE `grades`
  ADD CONSTRAINT `grades_ibfk_1` FOREIGN KEY (`student_id`) REFERENCES `students` (`student_id`),
  ADD CONSTRAINT `grades_ibfk_2` FOREIGN KEY (`subject_id`) REFERENCES `subjects` (`subject_id`),
  ADD CONSTRAINT `grades_ibfk_3` FOREIGN KEY (`class_id`) REFERENCES `classes` (`class_id`);

--
-- قيود الجداول `learning_contents`
--
ALTER TABLE `learning_contents`
  ADD CONSTRAINT `learning_contents_ibfk_1` FOREIGN KEY (`subject_id`) REFERENCES `subjects` (`subject_id`),
  ADD CONSTRAINT `learning_contents_ibfk_2` FOREIGN KEY (`class_id`) REFERENCES `classes` (`class_id`),
  ADD CONSTRAINT `learning_contents_ibfk_3` FOREIGN KEY (`teacher_id`) REFERENCES `teachers` (`teacher_id`);

--
-- قيود الجداول `students`
--
ALTER TABLE `students`
  ADD CONSTRAINT `students_ibfk_1` FOREIGN KEY (`class_id`) REFERENCES `classes` (`class_id`);

--
-- قيود الجداول `timetables`
--
ALTER TABLE `timetables`
  ADD CONSTRAINT `timetables_ibfk_1` FOREIGN KEY (`class_id`) REFERENCES `classes` (`class_id`),
  ADD CONSTRAINT `timetables_ibfk_2` FOREIGN KEY (`subject_id`) REFERENCES `subjects` (`subject_id`),
  ADD CONSTRAINT `timetables_ibfk_3` FOREIGN KEY (`teacher_id`) REFERENCES `teachers` (`teacher_id`);
COMMIT;

/*!40101 SET CHARACTER_SET_CLIENT=@OLD_CHARACTER_SET_CLIENT */;
/*!40101 SET CHARACTER_SET_RESULTS=@OLD_CHARACTER_SET_RESULTS */;
/*!40101 SET COLLATION_CONNECTION=@OLD_COLLATION_CONNECTION */;
